id	question	option1	option2	option3	option4	correctIndex	explanation	bigTopic	module	theme	subtheme	type	imageFile	format	answer	tolerance
post_seq_survey_02	How does multiplexing (barcoding) lower the cost of a microbiome study?	Many samples share one sequencing run	Barcodes remove the need to PCR-amplify each sample	Barcodes raise base quality, so fewer runs fail	Barcoded runs finish faster, so machine time is cheaper	1	A sequencing run is expensive but yields millions of reads, far more than one sample needs. Unique barcodes let you pool 96 or more samples into one run and sort the reads back out afterwards. Barcodes are added during PCR; they don't replace it or change read quality.	16S	QIIME2	Amplicon sequencing	Sequencing	survey				
prop_q2_arch_01	What is a QIIME 2 plugin?	A bundle of related actions, e.g. dada2	A web viewer that displays .qzv files in the browser	The conda environment that QIIME 2 is installed in	A storage format that keeps raw reads with metadata	1	QIIME 2 is modular: each plugin (q2-dada2, q2-diversity, q2-feature-classifier...) bundles related actions, which is why commands read qiime <plugin> <action>. The web viewer is view.qiime2.org, and artifacts (.qza) are the storage format.	16S	QIIME2	QIIME Foundations	Import & Architecture	property				
prop_q2_arch_04	What is the correct syntax structure for running any QIIME 2 command?	qiime <action> <plugin> <options>	qiime <plugin> <action> <options>	run <plugin> <action> <options>	call <action> <plugin> <options>	2	QIIME 2 commands go from general to specific: the program (qiime), then the plugin (the toolbox, e.g. dada2), then the action (the tool, e.g. denoise-paired), then its options. Swapping plugin and action is the most common typo.	16S	QIIME2	QIIME Foundations	Import & Architecture	property				
mile_q2_arch_03	You type `qiime import --type EMPSingleEndSequences ...` and QIIME 2 replies that there is no such command 'import'. Why?	`import` belongs to the `tools` plugin	The `--input-path` option is missing	QIIME 2 has no way to import EMP data	The file extension of the data is wrong	1	QIIME 2 looks for a plugin right after `qiime`, and there is no plugin called import: it is an action of the tools plugin, so the command is `qiime tools import`. Missing options give a different error that names the missing option.	16S	QIIME2	QIIME Foundations	Import & Architecture	milestone				
prop_tax_bio_04	What biological process does the `extract-reads` step simulate on the computer?	The sequencing reaction	The PCR amplification	The bacterial growth	The DNA extraction	2	extract-reads finds where your PCR primers bind in each reference sequence and keeps only the stretch between them, just as your PCR copied only that region from the real DNA. Training on these trimmed references matches the classifier to your amplicon.	16S	QIIME2	Taxonomic diversity	Taxonomy	property				
prop_seq_mech_01	Put the four basic steps of an Illumina 16S sequencing workflow in order, from sample to results.	Sample prep (DNA extraction and library PCR)	Cluster generation on the flow cell	Sequencing by synthesis	Data analysis (QIIME 2 / R)		First the DNA is extracted and the library amplified with barcoded primers; then each fragment is copied into a cluster on the flow cell; then the bases are read cycle by cycle; finally the reads are analysed. Clusters must exist before sequencing, because a single molecule gives too little signal to read.	16S	QIIME2	Amplicon sequencing	Sequencing	property		order		
prop_seq_mech_06	How does 'Paired-End' sequencing differ from single-end sequencing?	It reads each DNA fragment from both of its ends	It sequences two different samples at the same time	It sequences DNA and RNA from a sample together	It reads the same strand twice to check for errors	1	Read 1 is sequenced from one end of the fragment; the fragment is then regenerated on the flow cell and Read 2 is sequenced from the other end. The two reads come from opposite strands and opposite ends, which is why they can be merged when they overlap.	16S	QIIME2	Amplicon sequencing	Sequencing	property				
prop_seq_mech_08	On what physical surface does the Illumina sequencing reaction take place?	A glass flow cell	A silicon microchip	A 96-well microplate	A magnetic bead	1	Illumina sequencing happens on a glass flow cell coated with a lawn of short oligonucleotides (P5/P7) that capture the library fragments. Semiconductor chips and beads are used by other platforms, such as Ion Torrent.	16S	QIIME2	Amplicon sequencing	Sequencing	property				
prop_seq_mech_10	What is a cluster on an Illumina flow cell?	Thousands of identical copies of one fragment	A mix of different fragments from one sample	One single DNA strand bound to a flow cell oligo	A group of sequencing primers stuck together	1	Bridge amplification copies each captured fragment into a tight colony of identical strands, so the camera sees a signal strong enough to call each base. A single molecule would be too faint, and a mix of fragments would give mixed signals.	16S	QIIME2	Amplicon sequencing	Sequencing	property				
mile_seq_mech_01	Your V3–V4 amplicon is about 460 bp long and you sequence it 2 × 300 bp (paired-end). By about how many bases do the forward and reverse reads overlap?						The two reads cover 300 + 300 = 600 bases of a 460-base fragment, so they share about 600 − 460 = 140 bases. DADA2 needs at least 12 overlapping bases to merge a pair, and truncating low-quality tails uses up some of the overlap. With 2 × 150 bp (300 bases in total) the reads couldn't meet at all.	16S	QIIME2	Amplicon sequencing	Sequencing	milestone		numeric	140	5
mile_seq_mech_04	Why do we add unique barcodes to samples before pooling them for a single run?	So reads can be traced to their sample	So the run produces higher quality scores	So there is more DNA in the pooled library	So the samples stay apart in separate lanes	1	Pooling saves money but mixes the DNA in one tube. The unique barcode on every read is how demultiplexing assigns it back to its sample. The pooled samples share the same lane; nothing separates them physically.	16S	QIIME2	Amplicon sequencing	Sequencing	milestone				
mile_seq_mech_08	What is an advantage of Paired-End sequencing over Single-End sequencing?	It costs less per sample than single-end runs	It doubles the number of clusters on a flow cell	It finishes a run in about half of the time	Merged read pairs can span a longer region	4	Two overlapping reads can be merged into one longer sequence, so paired-end 2 × 250 or 2 × 300 runs can cover regions such as V3–V4. Paired-end runs read each cluster twice: the cluster count stays the same, and the run takes longer and costs more.	16S	QIIME2	Amplicon sequencing	Sequencing	milestone				
prop_16s_06	What is the biological role of the 16S rRNA gene in bacteria?	Its RNA forms part of the small ribosomal subunit	Its RNA carries amino acids to the ribosome	It encodes an enzyme that copies DNA before division	It encodes a membrane pump that expels antibiotics	1	The 16S gene is transcribed into an RNA that is never translated: it folds into the scaffold of the small (30S) ribosomal subunit, which every bacterium needs for protein synthesis. Carrying amino acids is the job of tRNA.	16S	QIIME2	Amplicon sequencing	16S rRNA	property				
prop_16s_08	What does the term 'microbiota' mean?	The combined genomes of the microbes in a sample	The viruses found in a sample	The microbes living in a particular habitat	The cell-wall structure shared by gut bacteria	3	Microbiota is the community of microorganisms itself (bacteria, archaea, fungi and other microbes) in a habitat such as the gut. Their collective genes or genomes are usually called the microbiome.	16S	QIIME2	Amplicon sequencing	16S rRNA	property				
prop_16s_09	Which scientist is credited with pioneering the use of 16S rRNA for phylogeny?	Lynn Margulis	Robert Koch	Kary Mullis	Carl R. Woese	4	In 1977 Carl Woese and George Fox compared ribosomal RNA sequences and discovered the Archaea, redrawing the tree of life into three domains. Margulis championed endosymbiosis, Koch linked microbes to disease and Mullis invented PCR.	16S	QIIME2	Amplicon sequencing	16S rRNA	property				
prop_16s_10	What is the difference between Microbiome and Microbiota?	Microbiome refers to genes; microbiota to the organisms	Microbiota refers to genes; microbiome to the organisms	They mean the same thing and are fully interchangeable	Microbiome is used for viruses; microbiota for bacteria	1	The two words are often used interchangeably, but strictly the microbiota is the organisms and the microbiome is their collective genomes (some definitions also include the habitat they live in). Mixing them up is very common, even in papers.	16S	QIIME2	Amplicon sequencing	16S rRNA	property				
mile_16s_04	Why is it necessary to target specific regions like V3-V4 (approx 460bp) rather than the whole 16S gene (1500bp) for Illumina sequencing?	The whole gene is too conserved to provide identification	The V3-V4 region is the only variable part	The whole gene cannot be amplified by any type of PCR	Illumina read lengths are too short to span the full gene	4	A 2 × 300 bp run covers at most about 600 bases, far short of the ~1,500 bp gene, so short-read studies amplify one or two variable regions such as V4 or V3–V4. The full gene amplifies fine, and its variable regions hold plenty of signal; long-read platforms such as PacBio sequence all of it.	16S	QIIME2	Amplicon sequencing	16S rRNA	milestone				
mile_16s_06	Your primers amplify V1–V3, but you train the classifier on V4 reference sequences. What happens when you classify your reads?	Quality scores improve, because V1–V3 is longer	Classification works normally for every region	Many reads are misclassified or left unassigned	More reads are kept, so the read count increases	3	A naive Bayes classifier recognises reads by their k-mers (short subsequences). V1–V3 reads share almost no k-mers with V4 references, so assignments become unreliable. The classifier must be trained on the region you actually sequenced.	16S	QIIME2	Amplicon sequencing	16S rRNA	milestone				
mile_16s_07	What is PCR bias in 16S amplicon sequencing?	The polymerase adds random errors to the reads	DNA breaks down during repeated heating cycles	Reagents add contaminating DNA from the lab	Some taxa amplify more efficiently than others	4	'Universal' primers match some species better than others, and GC content and gene copy number differ, so some taxa are over-represented after PCR. Polymerase errors and contamination are real problems too, but they are called errors and contamination, not bias.	16S	QIIME2	Amplicon sequencing	16S rRNA	milestone				
mile_16s_09	Why can't 16S amplicon sequencing be used to identify viruses in a sample?	Viruses have no ribosomes, so they lack a 16S gene	Viral DNA is not compatible with Illumina chemistry	Viral 16S genes are too variable for the primers	Viruses are too small for their DNA to be sequenced	1	16S rRNA is part of the ribosome of bacteria and archaea. Viruses have no ribosomes of their own (they use their host's), so they carry no 16S gene to amplify. Viral DNA sequences fine: shotgun metagenomics detects viruses.	16S	QIIME2	Amplicon sequencing	16S rRNA	milestone				
post_16s_survey_02	Two studies of the same environment target different regions (V4 vs. V1–V3) and report different taxa. What is the most likely reason?	One region is always more accurate than the other	Each region resolves different taxa best	The regions need different sequencing machines	The regions need different DNA extraction methods	2	Variable regions evolve at different rates, so a region that separates two genera well may not separate others, and primer pairs also differ in which taxa they amplify. That is why results from different regions shouldn't be compared directly.	16S	QIIME2	Amplicon sequencing	16S rRNA	survey				
post_16s_survey_03	'Universal' 16S primers such as 27F bind conserved sites. Do they amplify every bacterium?	Yes; the primer site is identical in every bacterium	Yes; they amplify all archaea and eukaryotes too	No; some taxa have mismatches in the site	No; they bind only to E. coli and its close relatives	3	No primer is truly universal: some lineages carry mismatches in the 'conserved' binding site and are under-detected or missed. 27F, for example, matches some Bifidobacterium poorly, so a gut study can under-count them.	16S	QIIME2	Amplicon sequencing	16S rRNA	survey				
post_16s_survey_05	Why is the 16S rRNA gene well suited to building bacterial phylogenies?	It mutates fast enough to track changes over a few weeks	It is found only in bacteria that cause disease	It is a protein-coding gene under strong selection	All bacteria have it, with conserved and variable parts	4	Every bacterium needs ribosomes, so all of them carry the gene; its conserved parts let you align it across distant lineages, and its variable parts record differences between them. It changes slowly, which suits deep evolutionary comparisons, not short-term tracking.	16S	QIIME2	Amplicon sequencing	16S rRNA	survey				
prop_q2_arch_02	"In the command `qiime tools import`, what role does `tools` play?"	It is the plugin; import is its action	It is the action, and import is the plugin	It is a folder that holds the input files	It is a flag that sets the output file format	1	QIIME 2 syntax is qiime <plugin> <action>. tools is a plugin of general utilities (import, export, peek, view...), and import is one of its actions.	16S	QIIME2	QIIME Foundations	Import & Architecture	property				
prop_q2_arch_03	"Which file extension represents a QIIME 2 Artifact, which contains both data and provenance metadata?"	.txt	.qzv	.fastq	.qza	4	A .qza (QIIME zipped artifact) holds data plus its provenance and is the input to later steps. A .qzv holds a visualization, which also records provenance. Plain .txt or .fastq files carry no provenance.	16S	QIIME2	QIIME Foundations	Import & Architecture	property				
prop_q2_arch_06	Which semantic type (the --type value) do you use to import multiplexed Earth Microbiome Project (EMP) single-end reads?	SampleData[Sequences]	FeatureData[Sequence]	Phylogeny[Rooted]	EMPSingleEndSequences	4	EMP-protocol data arrive as one multiplexed sequence file plus a barcode file, and the EMPSingleEndSequences type tells QIIME 2 exactly that. SampleData[...] types are for reads already split by sample, and FeatureData[...] types describe features, not raw reads.	16S	QIIME2	QIIME Foundations	Import & Architecture	property				
prop_q2_arch_07	What is the purpose of the `--input-path` part of the 'qiime tools import' command?	To set where the new artifact will be saved	To give the location of the raw data	To name the semantic type of the data	To state the file format of the input data	2	--input-path tells the importer where your raw files are. The output location is --output-path, the semantic type is --type and the file format is --input-format.	16S	QIIME2	QIIME Foundations	Import & Architecture	property				
prop_q2_arch_09	What is a 'Manifest File' used for during import?	It lists the barcode sequence used for each sample	It records the taxonomy assigned to each read	It links each sample ID to the path of its reads	It stores the quality score of every base call	3	A manifest is a table with one row per sample: its sample ID and the path(s) to its FASTQ file(s). It lets you import demultiplexed files with any file names. Barcodes for demultiplexing live in the sample metadata instead.	16S	QIIME2	QIIME Foundations	Import & Architecture	property				
prop_q2_arch_10	Which format should be specified when importing a manifest file for single-end reads with Phred33-formatted quality scores?	SingleEndFastqManifestPhred64V2	PairedEndFastqManifestPhred33V2	EMPSingleEndSequences	SingleEndFastqManifestPhred33V2	4	The format name spells out the data: SingleEnd (one file per sample), FastqManifest (imported with a manifest), Phred33 (the modern quality encoding) and V2 (the current manifest layout). Phred64 is an old encoding, and PairedEnd needs two files per sample.	16S	QIIME2	QIIME Foundations	Import & Architecture	property				
mile_q2_arch_01	You run the following code but get an error: `qiime tools import --type EMPSingleEndSequences --output-path sequences.qza`. What critical flag (command input) is missing?	`--input-path`	`--verbose`	`--p-trim-left`	`--m-metadata-file`	1	The command says what to make (--type) and where to save it (--output-path), but not where the raw data are, so there is nothing to import. --verbose only prints more detail, --p-trim-left belongs to DADA2, and import doesn't take a metadata file.	16S	QIIME2	QIIME Foundations	Import & Architecture	milestone				
mile_q2_arch_04	You have demultiplexed paired-end reads with quality scores and a manifest. Which semantic type (--type) do you use with qiime tools import?	SampleData[JoinedSequencesWithQuality]	SampleData[PairedEndSequencesWithQuality]	SampleData[SequencesWithQuality]	EMPPairedEndSequences	2	Semantic types are strict. PairedEndSequencesWithQuality holds forward and reverse reads per sample. SequencesWithQuality is for single-end reads, JoinedSequencesWithQuality for pairs that are already merged, and EMPPairedEndSequences for data that are still multiplexed.	16S	QIIME2	QIIME Foundations	Import & Architecture	milestone				
mile_q2_arch_05	Why is SampleData[Sequences] the wrong type for importing the Moving Pictures tutorial reads?	The reads were already demultiplexed	The reads are paired-end, not single-end	The reads are still multiplexed (EMP)	The sample metadata file is missing	3	SampleData types assume the reads are already split by sample. The Moving Pictures reads arrive as one multiplexed EMP single-end file plus barcodes, so they are imported as EMPSingleEndSequences and demultiplexed in QIIME 2.	16S	QIIME2	QIIME Foundations	Import & Architecture	milestone				
mile_q2_arch_06	You successfully imported your data but forgot the file name. You run `ls` and see `data.qza`. How can you confirm this is the correct artifact?	Run `cat data.qza` to read it	Run `qiime tools view data.qza`	Run `head data.qza` to see the top	Run `qiime tools peek data.qza`	4	`qiime tools peek` prints an artifact's UUID, semantic type and data format, so you can check what it is without opening it. cat and head print the zipped bytes, and qiime tools view is for .qzv visualizations.	16S	QIIME2	QIIME Foundations	Import & Architecture	milestone				
mile_q2_arch_07	What is the primary difference between a .qza file and a .qzv file in the QIIME 2 architecture?	.qza feeds later steps; .qzv is a viewable result	.qza holds only metadata; .qzv holds only the sequences	.qza is the human-readable report; .qzv is for software	.qza is an uncompressed folder; .qzv is a zipped file	1	A .qza artifact is the data that the next command reads; a .qzv visualization is the end point you open at view.qiime2.org. Both are zip archives, and both record provenance.	16S	QIIME2	QIIME Foundations	Import & Architecture	milestone				
mile_q2_arch_10	Why does QIIME 2 wrap data in artifacts (.qza) instead of passing plain FASTQ files from step to step?	To compress the reads so they take less disk space	To record provenance and check data types	To encrypt the data so that others cannot open it	To convert the reads into a format R can read directly	2	Every artifact carries its full history (provenance: the commands, parameters and versions that made it) and a semantic type, so QIIME 2 can stop you from feeding the wrong data into an action. Any compression is incidental, and artifacts are ordinary zip files, not encrypted.	16S	QIIME2	QIIME Foundations	Import & Architecture	milestone				
post_arch_survey_04	You have demultiplexed paired-end data in a directory. You try to import it using `--type EMPSingleEndSequences`. Why does QIIME 2 reject this or fail later?	QIIME 2 cannot import paired-end data at all	The files are too large for an EMP import	It expects multiplexed, single-end data	The folder must first be zipped into a .qza	3	EMPSingleEndSequences describes one multiplexed single-end file plus barcodes. Demultiplexed paired-end reads need SampleData[PairedEndSequencesWithQuality]. QIIME 2 checks that the files match the type, which is what semantic types are for.	16S	QIIME2	QIIME Foundations	Survey	survey				
post_arch_survey_05	"If you wanted to share your final analysis with a collaborator who does NOT have QIIME 2 installed, what files would you send them?"	The .qza artifact files	The raw FASTQ files and manifest	The QIIME 2 conda environment file	The .qzv visualization files	4	.qzv files open in any web browser at view.qiime2.org, with no installation, and still carry their provenance. .qza artifacts and raw FASTQ files need QIIME 2 (or other software) to be useful.	16S	QIIME2	QIIME Foundations	Survey	survey				
prop_q2_dn_01	What is the main goal of the denoising step (DADA2 or Deblur)?	To correct or remove read errors and find exact ASVs	To cluster reads into 97% OTUs against a reference	To assign a taxonomy to each read with a classifier	To merge the samples into one combined read file	1	Denoising separates real biological sequences from sequencing errors, giving exact amplicon sequence variants (ASVs) and their counts per sample. Clustering into OTUs is the older alternative, and taxonomy comes later.	16S	QIIME2	QIIME Foundations	Denoising & QC	property				
prop_q2_dn_02	What is the fundamental difference between DADA2 and Deblur algorithms?	Deblur clusters reads at 97%; DADA2 keeps exact variants	DADA2 models and corrects errors; Deblur removes error reads	DADA2 handles paired-end only; Deblur single-end only	Deblur corrects errors; DADA2 discards error-containing reads	2	Both produce exact ASVs. DADA2 learns an error model from your own run and assigns each read to the sequence it most likely came from; Deblur uses a fixed error profile and subtracts reads predicted to be errors. DADA2 can merge read pairs itself, while Deblur works on single-end or already joined reads.	16S	QIIME2	QIIME Foundations	Denoising & QC	property				
prop_q2_dn_03	What does the acronym 'ASV' stand for?	Amplicon Sequence Variant	Average Sequence Value	Amplified Sample Variant	Aligned Sequence Verification	1	An amplicon sequence variant is an exact sequence inferred after denoising, so two ASVs can differ by a single base. 'Amplified Sample Variant' sounds right but mixes up what the variant belongs to: the sequence, not the sample.	16S	QIIME2	QIIME Foundations	Denoising & QC	property				
prop_q2_dn_04	Which artifact contains the count (frequencies) of each feature observed in each sample?	The Representative Sequences	The Feature Table	The Denoising Stats	The Phylogenetic Tree	2	The feature table is a samples × features matrix of counts. Representative sequences give each feature's DNA sequence, denoising stats count reads lost at each step, and the tree relates features to each other.	16S	QIIME2	QIIME Foundations	Denoising & QC	property				
prop_q2_dn_05	Which artifact contains the actual DNA nucleotide string for each identified feature?	The feature table	The taxonomy artifact	The representative sequences	The rooted phylogenetic tree	3	The representative sequences (rep-seqs.qza) link each feature ID to its actual ACGT sequence. The feature table holds only counts, and the tree and taxonomy refer to features by ID.	16S	QIIME2	QIIME Foundations	Denoising & QC	property				
prop_q2_dn_06	What is a major disadvantage of Operational Taxonomic Units (OTUs) compared to ASVs?	OTUs cannot be used to calculate diversity metrics	OTUs require paired-end reads to be calculated	OTU picking works only on reads from the V4 region	Clustering at 97% merges distinct variants into one unit	4	OTUs group every sequence within 3% of each other, so real variants that differ by a few bases are lumped together. Diversity metrics and single-end reads work fine with OTUs; resolution and reproducibility across studies are what they lose.	16S	QIIME2	QIIME Foundations	Denoising & QC	property				
prop_q2_dn_07	Why do quality scores drop toward the 3' end of Illumina reads?	Strands in each cluster fall out of sync (phasing)	The camera gradually loses focus on the flow cell	The flow cell runs out of fluorescent nucleotides	Later cycles read the barcode, which scores lower	1	In every cycle a few strands in a cluster fail to add a base or add two, so the cluster's signal gets blurrier as the read goes on (phasing and pre-phasing), and the signal also fades. Fresh reagents flow in every cycle, so they don't run out.	16S	QIIME2	QIIME Foundations	Denoising & QC	property				
prop_q2_dn_08	What is the name of the technique that randomly subsamples each sample's reads, without replacement, down to the same number of reads? (one word)						Rarefaction (rarefying) subsamples every sample to the same depth so that diversity isn't inflated by extra reads. It is different from bootstrapping, which resamples with replacement, and from demultiplexing, which sorts reads by barcode.	16S	QIIME2	QIIME Foundations	Denoising & QC	property		text	rarefaction|rarefying|rarefy|rarefaction analysis	
prop_q2_dn_09	In the QIIME 2 workflow used in this course, which step comes immediately before denoising?	Demultiplexing	Taxonomy Classification	Phylogeny construction	Diversity Analysis	1	Reads are first split into samples by barcode (demultiplexing) and then denoised per sample. Taxonomy, the tree and diversity analysis all use the ASVs that denoising produces.	16S	QIIME2	QIIME Foundations	Denoising & QC	property				
mile_q2_dn_02	When you choose a rarefaction (sampling) depth for diversity metrics, what should the depth do?	Match the deepest sample, so that no reads are lost	Keep many reads without dropping too many samples	Always equal the depth of the shallowest sample	Exclude the samples that have the most reads	2	Rarefying discards reads above the depth and drops every sample below it. Choose the highest depth that still keeps enough samples in each group you want to compare. Matching the deepest sample would drop almost all the others, and the shallowest sample may be a failed one you'd rather lose.	16S	QIIME2	QIIME Foundations	Denoising & QC	milestone				
mile_q2_dn_08	You compare your ASVs with a 2013 study that used 97% OTUs. Can you compare the two directly, feature by feature?	Yes; an ASV is simply an OTU defined at 97%	Yes, as long as both studies used the same primers	No; their OTUs are 97% clusters, not exact variants	Only if you rarefy both data sets to the same depth	3	An OTU lumps every read within 3% of a centroid, and which reads end up together depends on the clustering method and data set. ASVs are exact sequences, so the units don't match one to one, even with the same primers. Compare at a shared taxonomic level, such as genus, instead.	16S	QIIME2	QIIME Foundations	Denoising & QC	milestone				
mile_q2_dn_09	Your DADA2 denoising stats show that 90% of reads were lost at the filtering step. What is the most likely cause?	The reads were truncated far too short	The primers were not removed beforehand	The classifier rejected the reads	Low-quality read tails were kept	4	DADA2's filter discards reads whose expected errors exceed a limit (and reads shorter than the truncation length). Keeping the low-quality tails pushes most reads over that limit, so truncate before quality drops. Truncating too short shows up later, as pairs that fail to merge.	16S	QIIME2	QIIME Foundations	Denoising & QC	milestone				
survey_q2_dn_01	Which statement best summarizes the shift from OTUs to ASVs in microbiome research?	From 97% clusters to exact variants	From exact sequences to 97% clusters	From 16S genes to whole-genome sequencing	From quality-filtered reads to raw reads	1	The field moved from OTUs (clusters of similar reads) to ASVs (exact sequences) to gain single-base resolution and units that mean the same thing in every study, without an arbitrary 97% cut-off.	16S	QIIME2	QIIME Foundations	Denoising & QC	survey				
survey_q2_dn_02	Why is the `denoising-stats.qza` file helpful when validating your analysis pipeline?	It gives the taxonomy of each ASV	It shows the step at which reads were lost	It contains the PCoA plot of samples	It lists the barcode of each sample	2	The denoising stats count the reads that survive each step (filtering, denoising, merging, chimera removal). If half the reads disappear as chimeras, for example, look at your PCR; if they fail to merge, look at your truncation.	16S	QIIME2	QIIME Foundations	Denoising & QC	survey				
survey_q2_dn_03	You are designing an analysis plan. Why would you use ASVs over OTUs?	Because ASVs need much less computing time	Because ASVs need no quality filtering at all	To tell apart variants only one base apart	Because ASVs correct for PCR amplification bias	3	ASVs keep every real sequence variant, so they can separate sequences that differ by one base, which 97% OTUs would lump together. Denoising still needs quality filtering, and no method removes PCR bias.	16S	QIIME2	QIIME Foundations	Denoising & QC	survey				
prop_tax_bio_01	What does a taxonomic classifier do in a 16S analysis?	It places the sequences on a phylogenetic tree	It removes sequencing errors from the reads	It clusters similar reads into OTUs	It predicts the taxonomy of each sequence	4	The classifier compares each ASV with reference sequences of known taxonomy and predicts the most likely name, with a confidence score. Error removal is denoising, and tree building is a separate step.	16S	QIIME2	Taxonomic diversity	Taxonomy	property				
prop_tax_bio_02	What does the SILVA database primarily contain?	Ribosomal RNA gene sequences	Metabolic pathway maps	Whole-genome sequences	Protein-coding gene sequences	1	SILVA is a curated database of ribosomal RNA sequences (small-subunit 16S/18S and large-subunit 23S/28S) with taxonomy, widely used to train 16S classifiers. Pathway maps are in databases such as KEGG.	16S	QIIME2	Taxonomic diversity	Taxonomy	property				
prop_tax_bio_03	Why do 'Mitochondria' sequences often appear in 16S amplicon data?	They are viral DNA that infected the samples	They descend from bacteria and keep an rRNA gene	They are sequencing errors made by the machine	They are free-living soil bacteria in the sample	2	Mitochondria descend from an engulfed bacterium and still carry their own small-subunit rRNA gene, which 'universal' primers can amplify from host cells. Host-rich samples such as tissue biopsies can therefore contain many mitochondrial reads, which are usually filtered out.	16S	QIIME2	Taxonomic diversity	Taxonomy	property				
prop_tax_bio_05	What is a 'Rare Feature' in the context of data filtering?	A feature found in all samples	A feature with very low counts	A feature that is unassigned	A feature that is pathogenic	2	Rare features have very low total counts, often under about 0.01% of reads. Many are sequencing noise or cross-contamination between samples, which is why they are often filtered before statistics.	16S	QIIME2	Taxonomic diversity	Taxonomy	property				
prop_tax_bio_06	Which of these is a valid reason to filter samples based on Metadata?	To drop samples with low alpha diversity	To drop samples with high sequencing error rates	To keep only samples relevant to your question	To drop the chimeric reads from every sample	3	Metadata filtering keeps the samples your question is about, for example only the gut samples, or no controls. Dropping samples because of their diversity would bias the very result you want to measure, and errors and chimeras are handled during denoising.	16S	QIIME2	Taxonomic diversity	Taxonomy	property				
prop_tax_bio_07	Does assigning taxonomy change the read counts in your Feature Table?	"Yes, it removes unassigned reads"	"Yes, it merges similar features"	"No, it only adds labels to features"	"Yes, it rarefies the samples"	3	Taxonomy assignment is an annotation: it attaches a name to each feature ID and leaves every count in the feature table unchanged. Counts change only when you filter, for example by removing mitochondria.	16S	QIIME2	Taxonomic diversity	Taxonomy	property				
prop_tax_bio_09	What does the label 'Unassigned' usually mean in a taxonomy result?	It matched two species equally well in the reference	DADA2 flagged the read as a chimera	It comes from a virus in the sample	No reference matched it with enough confidence	4	'Unassigned' means the classifier couldn't reach its confidence threshold even at the top (domain) level. A tie between close species gives a higher-level name such as a genus instead, and chimeras are removed earlier, during denoising.	16S	QIIME2	Taxonomic diversity	Taxonomy	property				
prop_tax_bio_10	What do you use to train a taxonomic classifier?	Reference sequences with known taxonomy	Your feature table and sample metadata	Your representative sequences only	The rooted phylogenetic tree of your ASVs	1	fit-classifier-naive-bayes learns from reference reads (for example SILVA, ideally trimmed to your amplicon region) paired with their known taxonomy. Your own sequences are classified afterwards; they can't train the classifier, because their names are what you don't know yet.	16S	QIIME2	Taxonomic diversity	Taxonomy	property				
mile_tax_bio_01	You use V4 primers for PCR but train your classifier on the full-length 16S gene. What is the likely outcome?	Accuracy improves because the reference holds more data	Accuracy is somewhat lower than with a V4-trained one	The classifier refuses to run on V4 reads	Results are identical to a V4-trained classifier	2	Naive Bayes classifiers compare k-mers. Trained on full-length genes, they also learn k-mers from regions your V4 reads never contain, which usually makes assignments a little less accurate; training on the amplified region improves accuracy (Werner et al., 2012). It still runs.	16S	QIIME2	Taxonomic diversity	Taxonomy	milestone				
mile_tax_bio_02	The 16S gene of Species D has mismatches in the primer binding site, so your primers can't bind it. What will your results show for Species D?	Its reads are labelled as 'Unassigned'	It is classified as a close relative	It doesn't appear at all	It appears with many sequencing errors	3	PCR copies only DNA that the primers bind. If Species D isn't amplified, it never reaches the sequencer, so it leaves no reads at all: a false negative that no downstream step can recover.	16S	QIIME2	Taxonomic diversity	Taxonomy	milestone				
mile_tax_bio_03	Why is it good to filter rare ASVs before performing statistical testing?	To remove mitochondrial and chloroplast reads	To increase the number of features being tested	To fix taxonomy errors in low-count features	To lower the multiple-testing correction burden	4	Each feature tested adds to the multiple-testing correction. Thousands of rare, noisy features make the correction so strict that real differences in common taxa stop being significant. Removing mitochondria is a separate, taxonomy-based filter.	16S	QIIME2	Taxonomic diversity	Taxonomy	milestone				
mile_tax_bio_04	A sample contains 99% 'Mitochondria' reads. What is one way this will affect the bacterial analysis?	It increases the bacterial read count	It improves the diversity estimate	It drastically reduces useful depth	It has no effect on the analysis	3	Every sample gets a limited number of reads. If 99% of them are host mitochondrial sequences, only 1% are left to describe the bacteria, so the sample may fall below your rarefaction depth.	16S	QIIME2	Taxonomic diversity	Taxonomy	milestone				
mile_tax_bio_05	Why is `extract-reads` preferred over using the full database for training?	It trims references to your amplified region	It aligns your reads to full-length references	It removes chimeras from the reference database	It adds more species to the reference set	1	extract-reads cuts each reference sequence down to the stretch between your primers, so the classifier learns the same k-mers your reads contain. It doesn't align your reads, clean the database or add species.	16S	QIIME2	Taxonomic diversity	Taxonomy	milestone				
mile_tax_bio_06	You find 'Chloroplast' sequences in a human gut sample. What is the source?	It is a pathogen	It is dietary DNA	It is a virus	It is human DNA	2	Chloroplasts come from plants and algae, and like mitochondria they descend from bacteria (cyanobacteria), so their 16S-like gene amplifies. In gut samples they usually reflect the vegetables someone ate, not gut residents, and are filtered out.	16S	QIIME2	Taxonomic diversity	Taxonomy	milestone				
mile_tax_bio_07	classify-sklearn reports `d__Bacteria; p__Proteobacteria` for an ASV, with nothing below phylum. What does this mean?	The ASV belongs to a newly discovered phylum	Its class was too uncertain to assign	The reference database has no Proteobacteria classes	The ASV is a chimera that should be removed	2	The classifier assigns ranks from the top down and stops at the last rank that reaches its confidence threshold (0.7 by default). The ASV is confidently a Proteobacterium, but its class is uncertain, often because the read is short or matches several classes equally well.	16S	QIIME2	Taxonomic diversity	Taxonomy	milestone				
mile_tax_bio_08	When you train a classifier, how should the truncation length of the extracted reference reads compare with your data?	It should be much shorter than your reads	It should be much longer than your reads	It should match the length of your reads	It does not matter for classification	3	The reference reads should look like your reads, so the classifier learns the same k-mers. extract-reads --p-trunc-len is set to the length you truncated your (single-end) reads to.	16S	QIIME2	Taxonomic diversity	Taxonomy	milestone				
mile_tax_bio_09	Why might a valid biological sequence be labeled 'Unassigned'?	It belongs to a well-known human pathogen	It is identical to an E. coli reference sequence	It was sequenced from the reverse strand	Its lineage is missing from the reference database	4	Reference databases are incomplete: many microbes have never been cultured or named ('microbial dark matter'), so a real sequence can match nothing closely. Known taxa and exact matches are assigned, and classify-sklearn checks both read orientations.	16S	QIIME2	Taxonomic diversity	Taxonomy	milestone				
mile_tax_bio_10	What bias is introduced if you do not remove Mitochondria?	It distorts the relative abundances	It removes rare taxa from the table	It causes phasing errors in the run	It lowers the quality scores of reads	1	Relative abundances add up to 100%. If half the reads are mitochondrial, every bacterial taxon looks half as abundant as it is, and samples with more host DNA look different for the wrong reason.	16S	QIIME2	Taxonomic diversity	Taxonomy	milestone				
survey_tax_bio_01	What is the correct order for preparing a classifier?	Train model -> Extract 16S region -> Import database	Extract 16S region -> Import database -> Train model 	Import database -> Extract 16S region -> Train model	Import database -> Train model -> Extract 16S region	3	"You must Import the database, Extract the amplicon region (PCR sim), and then Train the model on those fragments."	16S	QIIME2	Taxonomic diversity	Taxonomy	survey				
survey_tax_bio_03	"If you change PCR primers, what must you do to the classifier?"	Nothing, because classifiers are universal	Re-train it on the new amplicon region	Switch to a different reference database	Rename the old classifier file	2	A classifier is trained on one amplicon region. If new primers amplify a different region, re-run extract-reads with the new primers and retrain; the same database can be reused.	16S	QIIME2	Taxonomic diversity	Taxonomy	survey				
survey_tax_bio_04	What is the main risk of keeping 'rare features' in your data?	The file size is too big	They inflate diversity metrics	They reduce the read count	They cause taxonomy errors	2	Richness counts every unique feature, however rare. Noisy, rare features created by errors or contamination make samples look more diverse than they are.	16S	QIIME2	Taxonomic diversity	Taxonomy	survey				
prop_tax_q2_02	What is the primary output artifact of the `classify-sklearn` command?	A barplot visualization (.qzv) of each sample	A new feature table with taxonomy added to it	Taxonomy labels for each feature ID (.qza)	A rooted phylogenetic tree of the features	3	classify-sklearn outputs a FeatureData[Taxonomy] artifact (taxonomy.qza) with a name and confidence for each feature ID. The feature table is left as it is; barplots are made afterwards from the table and the taxonomy.	16S	QIIME2	Taxonomic diversity	QIIME analysis	property				
prop_tax_q2_03	Which artifacts are required inputs for `qiime taxa barplot`? (Select all that apply)	The feature table (table.qza)	The taxonomy (taxonomy.qza)	The representative sequences	The rooted tree	1,2	Bar heights come from the counts in the feature table, and bar labels come from the taxonomy. Representative sequences and the tree aren't needed, because the taxonomy already names each feature ID. Sample metadata is optional and only groups the bars.	16S	QIIME2	Taxonomic diversity	QIIME analysis	property		multi		
prop_tax_q2_04	What does the command `qiime metadata tabulate` do with the `taxonomy.qza` file?	It filters out the unassigned features	It trains a new classifier from it	It merges it into the feature table	It makes a browsable table (.qzv)	4	metadata tabulate turns a metadata-like artifact, such as the taxonomy, into a .qzv table you can search and sort in the browser. It doesn't change the data.	16S	QIIME2	Taxonomic diversity	QIIME analysis	property				
prop_tax_q2_05	"In the `qiime taxa filter-table` command, what does the parameter `--p-exclude` do?"	Removes every feature whose taxonomy has the term	Keeps only features whose taxonomy has the term	Removes samples whose metadata column contains the term	Renames the matching taxa to 'Unassigned'	1	--p-exclude removes every feature whose taxonomy string contains a term, such as mitochondria or chloroplast. --p-include does the opposite and keeps only the matches. Filtering by metadata is filter-samples.	16S	QIIME2	Taxonomic diversity	QIIME analysis	property				
prop_tax_q2_06	What is the purpose of filtering features by a minimum frequency (e.g. fewer than 8 reads)?	To remove samples with low total depth	To remove rare, likely noisy ASVs	To remove mitochondria and chloroplasts	To remove ASVs without a taxonomy label	2	Features with very few reads in total are often sequencing noise or cross-contamination, and removing them loses little real information. Low-depth samples are removed with filter-samples, and taxa such as mitochondria with taxa filter-table.	16S	QIIME2	Taxonomic diversity	QIIME analysis	property				
prop_tax_q2_07	"Which command is used to filter samples based on metadata criteria (e.g., keeping only 'subject-1')?"	qiime feature-table filter-features	qiime taxa filter-table	qiime feature-table filter-samples	qiime metadata tabulate	3	filter-samples keeps or removes samples using metadata (--p-where) or depth. filter-features works on features, taxa filter-table on taxonomy, and metadata tabulate only displays data.	16S	QIIME2	Taxonomic diversity	QIIME analysis	property				
prop_tax_q2_08	"In the filtering example `[subject]='subject-1'`, what does the syntax `[subject]` represent?"	The value being searched for	The ID of a single feature	The metadata column to test	The name of the output file	3	In a --p-where expression, square brackets mark a metadata column (here subject) and quotes mark the value ('subject-1'). It works like a WHERE clause in SQL.	16S	QIIME2	Taxonomic diversity	QIIME analysis	property				
prop_tax_q2_10	Why would you give a sample metadata file to `qiime taxa barplot`?	To choose the colours used for each taxon	To remove samples with too few reads	To supply the taxonomy labels for each bar	To group and sort samples by category	4	With metadata, the barplot can sort and group samples by any column, such as treatment or body site. Taxonomy labels come from taxonomy.qza, and colours are chosen in the viewer.	16S	QIIME2	Taxonomic diversity	QIIME analysis	property				
mile_tax_q2_01	You run `classify-sklearn` with `--i-reads table.qza` and get an invalid-input error. Why?	It needs rep-seqs.qza (the ASV sequences)	It needs the sample metadata file, not the table	It needs the rooted tree to place each feature	It needs the .qzv summary of the table instead	1	The classifier works on DNA sequences. The feature table holds only feature IDs and counts, not the ACGT strings, so --i-reads takes the representative sequences.	16S	QIIME2	Taxonomic diversity	QIIME analysis	milestone				
mile_tax_q2_02	"In the `filter-features` command, you set `--p-min-frequency 8`. What exactly does this filter remove?"	Samples with fewer than 8 reads summed over all features	Features with fewer than 8 reads summed over all samples	Features present in fewer than 8 of the samples	Features with fewer than 8 reads in any single sample	2	--p-min-frequency is the total count of a feature summed across all samples; features below it are dropped. 'Present in fewer than 8 samples' is a different option, --p-min-samples.	16S	QIIME2	Taxonomic diversity	QIIME analysis	milestone				
mile_tax_q2_03	"You used `qiime taxa filter-table --p-include mitochondria` to remove mitochondria, but the output only contains mitochondria. Why?"	The term must be capitalized as Mitochondria	The database contains only mitochondria	It should have been `--p-exclude`	The command was run on the wrong taxonomy	3	--p-include keeps only the features whose taxonomy matches the term, so everything except mitochondria was thrown away. --p-exclude removes the matches instead. Matching ignores capitalization by default.	16S	QIIME2	Taxonomic diversity	QIIME analysis	milestone				
mile_tax_q2_04	You want to keep only the samples from the gut. Which --p-where expression is correct?	`BodySite='gut'`	"`""[BodySite]='gut'""`"	"`""BodySite""='gut'`"	`--p-include gut`	2	The whole expression goes in double quotes, the column name in square brackets and the value in single quotes: "[BodySite]='gut'". Without brackets QIIME 2 can't tell that BodySite is a column, and --p-include filters by taxonomy, not metadata.	16S	QIIME2	Taxonomic diversity	QIIME analysis	milestone				
mile_tax_q2_05	"Why is it best to remove samples with low read counts AFTER filtering features (e.g., mitochondria)?"	Feature filtering does not affect sample counts	You should filter samples first	It makes the file larger	Feature filtering can leave some samples empty	4	Removing abundant unwanted features, such as host mitochondria, can leave some samples almost empty. Filter features first, then remove the samples that no longer have enough reads before diversity analysis.	16S	QIIME2	Taxonomic diversity	QIIME analysis	milestone				
mile_tax_q2_06	"In the `taxa barplot` function, what is the purpose of `--o-visualization`?"	It names the input feature table	It names the metadata file to use	It sets which taxonomic level to show	It names the output .qzv file to write	4	QIIME 2 option prefixes tell you their role: --i- inputs, --p- parameters, --m- metadata and --o- outputs. --o-visualization is the name of the .qzv file that the command writes.	16S	QIIME2	Taxonomic diversity	QIIME analysis	milestone				
mile_tax_q2_07	You trained a classifier on 150bp fragments but denoised your data at 250bp. Why might classification accuracy be poor?	It learned from shorter sequences than your reads	The reference database is the wrong version	Your reads are too long to be classified at all	Longer reads always lower classification accuracy	1	The reference reads should match the length of your reads. Trained on 150-base fragments, the classifier never saw k-mers from bases 151–250, which make up a large part of your reads. Longer reads usually help classification; the mismatch is the problem.	16S	QIIME2	Taxonomic diversity	QIIME analysis	milestone				
mile_tax_q2_09	"If you have a 'Taxonomy' artifact (`taxonomy.qza`) but no 'Feature Table', can you generate a Barplot?"	Yes, if you also supply sample metadata	No; the bar heights need the table's counts	No; the rooted tree is also required	Yes; taxonomy alone includes the counts	2	Taxonomy tells you what each feature is; the feature table tells you how much of it is in each sample. A barplot needs both: names for the segments and counts for their heights.	16S	QIIME2	Taxonomic diversity	QIIME analysis	milestone				
mile_tax_q2_10	"When filtering features, why is a percentage threshold (e.g. <0.01%) often preferred over a hard count?"	It always removes more features than a count	It is required by the filter-features command	It scales with sequencing depth	It removes chimeras as well as rare features	3	A count of 10 reads is negligible in a 10-million-read data set but substantial in one with 10,000 reads. A percentage threshold adjusts to the depth, so the same rule means the same thing in both.	16S	QIIME2	Taxonomic diversity	QIIME analysis	milestone				
survey_tax_q2_01	You are writing a script to automate taxonomy assignment. Which order of commands is logical?	`fit-classifier` -> `classify-sklearn` -> `extract-reads`	`extract-reads` -> `fit-classifier` -> `classify-sklearn`	`classify-sklearn` -> `fit-classifier` -> `extract-reads`	`taxa barplot` -> `classify-sklearn` -> `extract-reads`	2	First prepare the reference (extract-reads), then train the model on it (fit-classifier-naive-bayes), then apply it to your sequences (classify-sklearn). A barplot comes after classification.	16S	QIIME2	Taxonomic diversity	QIIME analysis	survey				
survey_tax_q2_02	Why do you view `taxonomy.qza` with `qiime metadata tabulate` instead of opening it in a text editor?	It aligns the sequences before displaying	It removes errors from the taxonomy first	It is faster than opening the file directly	A .qza is a zipped archive, not plain text	4	QIIME 2 artifacts are zip archives that hold data plus provenance, so a text editor shows gibberish. metadata tabulate turns the taxonomy into a .qzv table you can browse at view.qiime2.org.	16S	QIIME2	Taxonomic diversity	QIIME analysis	survey				
survey_tax_q2_04	How does the `--p-where` parameter in `filter-samples` enhance analysis flexibility?	It selects samples using logical metadata expressions	It filters reads by their length in base pairs	It filters reads by their Phred quality scores	It filters features by their assigned taxonomy	1	--p-where takes SQL-like expressions on metadata columns, such as "[BodySite]='gut' AND [Year]>2020", so you can subset samples for any comparison. Taxonomy filtering is taxa filter-table.	16S	QIIME2	Taxonomic diversity	QIIME analysis	survey				
survey_tax_q2_05	What happens if you run `qiime taxa barplot` without `--m-metadata-file`?	The command stops with a missing-input error	Samples can't be grouped by category	The bars are drawn in black and white only	Taxonomy is assigned at a lower confidence	2	Metadata is optional for taxa barplot. Without it you get one bar per sample, but you can't sort or group samples by treatment, body site or any other variable.	16S	QIIME2	Taxonomic diversity	QIIME analysis	survey				
prop_div_bio_01	What is the fundamental definition of Alpha Diversity?	The variation of microbes within a single sample	The variation of microbes between different samples	The total number of sequences in a run	The phylogenetic distance between two species	1	Alpha diversity describes a single sample: how many taxa it has (richness) and how evenly they are spread (evenness). Comparing samples with each other is beta diversity.	16S	QIIME2	Diversity metric	Diversity	property				
prop_div_bio_02	What does 'Richness' specifically measure in a microbial community?	The uniformity of species distribution	The count of distinct species present	The phylogenetic relatedness of taxa	The total number of reads sequenced	2	Richness counts how many different taxa (or ASVs) are present, whatever their abundances. How evenly reads are spread among them is evenness.	16S	QIIME2	Diversity metric	Diversity	property				
prop_div_bio_03	Which metric quantifies how uniformly species are distributed in a community?	Observed Features	Phylogenetic Diversity	Pielou's Evenness	Jaccard Distance	3	Pielou's evenness is 1 when all taxa are equally abundant and approaches 0 when one dominates. Observed features is richness, Faith's PD uses the tree, and Jaccard compares two samples.	16S	QIIME2	Diversity metric	Diversity	property				
prop_div_bio_04	What does the Jaccard distance metric measure?	Dissimilarity based on relative abundance	Dissimilarity based on phylogenetic distance	Dissimilarity based on presence/absence	Similarity in total sequencing depth	3	Jaccard asks only which features two samples share, ignoring how abundant they are and how related they are. Bray-Curtis adds abundance, and UniFrac adds the phylogenetic tree.	16S	QIIME2	Diversity metric	Diversity	property				
prop_div_bio_05	How does Weighted UniFrac differ from Unweighted UniFrac?	Unweighted uses phylogeny; Weighted does not	Weighted uses abundance; Unweighted does not	Weighted uses a tree; Unweighted does not	Unweighted uses counts; Weighted does not	2	Both UniFrac metrics use the phylogenetic tree. Weighted UniFrac also weights each branch by abundance, so dominant taxa count most; unweighted UniFrac uses presence/absence only, so rare taxa count as much as common ones.	16S	QIIME2	Diversity metric	Diversity	property				
prop_div_bio_06	What does a Principal Coordinate Analysis (PCoA) plot represent?	A visualization of Alpha diversity	A phylogenetic tree of all species	A bar chart of the most abundant taxa	A 2D summary of sample dissimilarity	4	PCoA takes a distance matrix (e.g. Bray-Curtis) and places samples in a few dimensions so that similar communities sit close together. Alpha diversity and barplots are separate visualizations.	16S	QIIME2	Diversity metric	Diversity	property				
prop_div_bio_07	What is the purpose of 'Rarefaction' in diversity analysis?	To filter out chimeric sequences	To assign taxonomy to sequences	To create a phylogenetic tree	To give all samples equal depth	4	Rarefaction subsamples every sample to the same number of reads, so a sample doesn't look more diverse simply because it was sequenced more deeply. Chimeras and taxonomy are handled in other steps.	16S	QIIME2	Diversity metric	Diversity	property				
prop_div_bio_08	"In a boxplot, what does the 'Interquartile Range' (IQR) represent?"	The spread of the middle 50% of the values	The distance from the minimum to the maximum	The mean plus or minus one standard deviation	The 95% confidence interval of the median	1	The box runs from the first quartile (Q1) to the third (Q3), so its height, the IQR, contains the middle half of the data. The whiskers, not the box, reach toward the minimum and maximum.	16S	QIIME2	Diversity metric	Diversity	property				
prop_div_bio_09	Which Alpha diversity metric incorporates phylogenetic relationships?	Shannon's Diversity Index	Faith's PD	Simpson's Diversity Index	Pielou's Evenness	2	Faith's PD adds up the branch lengths of the tree that connects all the taxa in a sample, so a sample of distant relatives scores higher than one of close relatives. Shannon, Simpson and Pielou ignore the tree.	16S	QIIME2	Diversity metric	Diversity	property				
prop_div_bio_10	What does 'Sequencing Depth' refer to?	The length of the DNA fragment	The number of species found in a sample	The number of reads designated for rarefaction	The total count of reads sequenced per sample	4	Sequencing depth is a sample's library size: the total number of reads it received. The depth you choose for rarefaction is the sampling depth, a separate value.	16S	QIIME2	Diversity metric	Diversity	property				
mile_div_bio_01	"Compare Community A (5 species, equal abundance) and Community B (5 species, dominated by one). Which statement is true?"	Community A has higher richness than Community B	Community B has higher evenness than Community A	Community A is more diverse due to higher evenness	Community B is more diverse due to dominant species	3	Both communities have the same richness (5 species), but A spreads its individuals evenly, so it has higher evenness and higher Shannon diversity. Dominance by one species lowers diversity.	16S	QIIME2	Diversity metric	Diversity	milestone				
mile_div_bio_02	Why is 'Observed Features' a poor metric for distinguishing communities with different evolutionary histories?	It weights common species more than rare ones	It needs a rooted phylogenetic tree to run	It treats every species as equally distinct	It cannot be computed on large data sets	3	Observed features just counts taxa, so a pair of close relatives counts the same as a pair of distant ones. Faith's PD or UniFrac bring evolutionary history in through the tree.	16S	QIIME2	Diversity metric	Diversity	milestone				
mile_div_bio_03	What does it mean when the alpha rarefaction curve plateaus (flattens out)?	You have not yet sequenced enough to capture diversity	The sample has low-quality reads at that depth	The sample contains no bacterial DNA at all	You have sequenced enough to capture most diversity	4	A plateau means saturation: extra reads mostly re-find features you have already seen, so this depth describes the sample's richness well. A curve that is still rising means you are still finding new features.	16S	QIIME2	Diversity metric	Diversity	milestone				
mile_div_bio_04	You want to determine if communities differ specifically by the presence of rare taxa. Which metric is best?	Weighted UniFrac	Bray-Curtis	Unweighted UniFrac	Shannon Index	3	Unweighted UniFrac uses presence/absence, so a rare taxon counts as much as a dominant one; it is sensitive to changes in rare members. Weighted UniFrac and Bray-Curtis are dominated by abundant taxa, and Shannon is an alpha metric.	16S	QIIME2	Diversity metric	Diversity	milestone				
mile_div_bio_05	"In a PCoA plot, what does 'PC1 (57%)' tell you compared to 'PC2 (12%)'?"	Axis 2 is more important for clustering	Axis 1 explains most of the variation	Both axes are equally important	The percentages represent error rates	2	Each axis is labelled with the share of the variation in the distance matrix it explains. PC1 always explains the most, so the pattern along PC1 (57%) matters far more than PC2 (12%).	16S	QIIME2	Diversity metric	Diversity	milestone				
mile_div_bio_06	"If you set your Rarefaction 'Sampling Depth' too low (e.g., 100 reads), what is the risk?"	You will retain too many samples	You will increase the diversity artificially	You will improve the statistical power	You will lose biological resolution	4	A very low depth keeps every sample but throws away most of each sample's reads, so rarer features vanish and samples look more alike than they are. Diversity can only go down, not up, when you subsample.	16S	QIIME2	Diversity metric	Diversity	milestone				
mile_div_bio_07	Why do microbiome studies report q-values (FDR) rather than raw p-values when testing many taxa?	To limit false positives over many tests	To make more of the results significant	To account for differences in sample size	To include the phylogeny in each test	1	Testing hundreds of taxa at p < 0.05 produces about 5 false positives per 100 tests by chance alone. The false discovery rate (FDR) correction adjusts each p-value for the number of tests; it makes fewer results significant, not more.	16S	QIIME2	Diversity metric	Diversity	milestone				
mile_div_bio_10	Why might 'Shannon Diversity' be low even if 'Observed Features' (Richness) is high?	Because the phylogeny is diverse	Because the sample size is small	Because the community is very even	Because the community is uneven	4	Shannon diversity combines richness and evenness. A community with 100 species is not very diverse in the Shannon sense if one species holds 99% of the reads.	16S	QIIME2	Diversity metric	Diversity	milestone				
survey_div_bio_01	Community A is 50% X / 50% Y. Community B is 99% X / 1% Y. Which metric shows them as VERY different?	Unweighted UniFrac	Jaccard Index	Weighted UniFrac	Observed Features	3	Both communities contain the same two taxa, so presence/absence metrics (Jaccard, unweighted UniFrac) see them as identical. Weighted UniFrac uses abundance and picks up the shift from 50/50 to 99/1.	16S	QIIME2	Diversity metric	Diversity	survey				
survey_div_bio_02	"If your alpha rarefaction curve continues to rise steeply at max sequencing depth, what is the conclusion?"	The community is simple and deeply sequenced	The community is undersampled at this depth	The sequencing run has failed completely	The sample does not contain any bacteria	2	A curve that keeps rising means every extra read still finds new features, so the sample's true richness hasn't been reached. A simple, deeply sequenced community would plateau.	16S	QIIME2	Diversity metric	Diversity	survey				
survey_div_bio_03	"In a PCoA plot, samples from 'Subject 1' cluster tightly, far away from 'Subject 2'. What does this mean?"	Subject 1 has lower alpha diversity	Subject 1 has more DNA than Subject 2	Subject 1 is distinct from Subject 2	Subject 1 has lower beta diversity than Subject 2	3	In a PCoA plot, distance stands for dissimilarity: tight clusters far apart mean the subjects' communities differ in composition. Beta diversity describes pairs of samples, so one subject can't have 'lower' beta diversity on its own.	16S	QIIME2	Diversity metric	Diversity	survey				
survey_div_bio_04	You test 200 ASVs for a difference between two diets at p < 0.05, and in truth none differ. About how many ASVs would you expect to come out 'significant'?	About 1	None	About 10	About 50	3	Each test has a 5% chance of a false positive, so 200 × 0.05 = 10 'significant' ASVs are expected by chance alone. That is why q-values (FDR correction) are used when many features are tested.	16S	QIIME2	Diversity metric	Diversity	survey				
survey_div_bio_05	Two samples each contain 50 ASVs at similar abundances, but in one sample all 50 belong to a single genus. Which alpha metric would differ most between them?	Observed features	Pielou's evenness	Shannon diversity	Faith's PD	4	Richness, evenness and Shannon are about the same for both samples. Faith's PD adds up tree branch lengths, so 50 close relatives in one genus cover much less of the tree than 50 distantly related ASVs.	16S	QIIME2	Diversity metric	Diversity	survey				
prop_div_q2_01	Which QIIME 2 command runs a complete pipeline to generate multiple alpha and beta diversity metrics at once?	qiime diversity alpha-rarefaction	qiime diversity alpha-group-significance	qiime diversity core-metrics-phylogenetic	qiime diversity beta-group-significance	3	core-metrics-phylogenetic rarefies the table once and computes several alpha metrics (Faith's PD, Shannon, observed features, evenness) and beta metrics (Jaccard, Bray-Curtis, weighted and unweighted UniFrac), with PCoA plots for each.	16S	QIIME2	Diversity metric	QIIME application	property				
prop_div_q2_02	What critical parameter must be set in the diversity metric function `core-metrics-phylogenetic` to handle uneven sequencing depths?	`--p-sampling-depth`	`--p-min-frequency`	`--p-max-depth`	`--p-trim-left`	1	--p-sampling-depth is the rarefaction depth: every sample is subsampled to that many reads, and samples with fewer are dropped. --p-max-depth belongs to alpha-rarefaction, --p-min-frequency to filtering and --p-trim-left to DADA2.	16S	QIIME2	Diversity metric	QIIME application	property				
prop_div_q2_03	Which specific artifact is required as input to calculate UniFrac distances but not Bray-Curtis?	The feature table	The rooted phylogeny	The representative sequences	The taxonomy	2	UniFrac measures how much branch length of the phylogenetic tree two communities share, so it needs rooted-tree.qza. Bray-Curtis uses only the counts in the feature table.	16S	QIIME2	Diversity metric	QIIME application	property				
prop_div_q2_04	What is the file format of the interactive 3D PCoA plots generated by QIIME 2?	.qza	.html	.qzv	.pdf	3	QIIME 2 saves Emperor PCoA plots as .qzv visualizations, which you open at view.qiime2.org to rotate and colour them. The PCoA coordinates themselves are a .qza artifact.	16S	QIIME2	Diversity metric	QIIME application	property				
prop_div_q2_05	Which command tests whether treatment and control samples differ in Shannon diversity?	qiime diversity beta-group-significance	qiime diversity core-metrics-phylogenetic	qiime diversity alpha-rarefaction	qiime diversity alpha-group-significance	4	alpha-group-significance compares alpha diversity between metadata groups with Kruskal-Wallis tests. beta-group-significance compares distances (PERMANOVA), and alpha-rarefaction draws rarefaction curves.	16S	QIIME2	Diversity metric	QIIME application	property				
prop_div_q2_06	What is the primary visual output of the `qiime diversity alpha-rarefaction` command?	Curves of diversity against sequencing depth	A 3D scatter plot of the samples (Emperor)	Boxplots of diversity for each metadata group	A heatmap of feature counts in each sample	1	alpha-rarefaction plots diversity at increasing depths, so you can see where the curves level off and choose a sampling depth. Boxplots by group come from alpha-group-significance, and the 3D plot from Emperor.	16S	QIIME2	Diversity metric	QIIME application	property				
prop_div_q2_07	"In the context of `beta-group-significance`, which statistical test is commonly used to compare distances between groups?"	T-test	Kruskal-Wallis	ANOVA	PERMANOVA	4	PERMANOVA tests whether group centroids differ in distance space, using permutations instead of assuming normality. Kruskal-Wallis is used for alpha diversity (one value per sample), not for distance matrices.	16S	QIIME2	Diversity metric	QIIME application	property				
prop_div_q2_08	"If you want to view a PCoA plot coloured by 'BodySite', which file must you provide to the Emperor tool?"	The Feature Table	The Sample Metadata	The Phylogenetic Tree	The Taxonomy	2	The metadata file links each sample ID to its categories, such as BodySite, so Emperor can colour the points. The table, tree and taxonomy have no information about body site.	16S	QIIME2	Diversity metric	QIIME application	property				
prop_div_q2_09	"When calculating diversity metrics, what happens to samples that have fewer reads than the value defined in `--p-sampling-depth`?"	They are kept with their original counts	They are always dropped from the analysis	They are scaled up to the sampling depth	They are pooled into one combined sample	2	Rarefying can only subsample, never add reads, so a sample with fewer reads than the depth can't be included and is dropped. Check how many samples you lose before choosing the depth.	16S	QIIME2	Diversity metric	QIIME application	property				
prop_div_q2_10	Which output artifact from `core-metrics` contains the vector of Shannon Index values for each sample?	shannon_matrix.qza	shannon_table.qza	shannon_plot.qzv	shannon_vector.qza	4	Alpha diversity gives one value per sample, which QIIME 2 stores as a SampleData[AlphaDiversity] 'vector' such as shannon_vector.qza. Beta diversity is stored as a distance matrix.	16S	QIIME2	Diversity metric	QIIME application	property				
mile_div_q2_01	"You inspect `demux.qzv` and see read counts from 1,000 to 100,000. If you set `--p-sampling-depth 50,000` while calculating diversity metrics, what is the outcome?"	All samples are kept and scaled to 50,000 reads	Low-count samples gain diversity by resampling	Samples under 50,000 reads are all dropped	The command fails because depths differ so much	3	Rarefying keeps only samples with at least the sampling depth, so every sample between 1,000 and 50,000 reads is discarded, possibly most of the study. demux.qzv and the feature table summary show how many samples each depth keeps.	16S	QIIME2	Diversity metric	QIIME application	milestone				
mile_div_q2_02	You have no rooted tree. Which of these metrics can't you calculate? (Select all that apply)	Faith's PD	Weighted UniFrac	Unweighted UniFrac	Bray-Curtis	1,2,3	Faith's PD and both UniFrac distances are phylogenetic: they add up branch lengths of the tree. Bray-Curtis, Jaccard, Shannon, evenness and observed features use only the feature table.	16S	QIIME2	Diversity metric	QIIME application	milestone		multi		
mile_div_q2_03	Why does `core-metrics-phylogenetic` output several distance matrices (Jaccard, Bray-Curtis, UniFrac)?	They are combined into a single heatmap at the end	Each one is a backup in case another fails	They are temporary files that you can delete	Each measures dissimilarity in its own way	4	Jaccard looks at shared features, Bray-Curtis adds abundance, and UniFrac adds evolutionary relatedness. Comparing them shows whether groups differ in which taxa are present, how abundant they are, or how related they are.	16S	QIIME2	Diversity metric	QIIME application	milestone				
mile_div_q2_04	"When interpreting `alpha-group-significance` results, you see a Kruskal-Wallis p-value of 0.04 and a q-value of 0.25. What should you conclude?"	It isn't significant once corrected for many tests	It is significant, because the p-value is below 0.05	The test is invalid, because q should be below p	The sequencing depth was too low for the test	1	The q-value adjusts the p-value for the number of comparisons. A q of 0.25 means results this strong would include about one false positive in four, so the difference shouldn't be called significant. q is never smaller than p.	16S	QIIME2	Diversity metric	QIIME application	milestone				
mile_div_q2_05	"In an Emperor PCoA plot, your samples form two clusters. You toggle 'Color by' to 'AntibioticUsage' and the clusters become distinctly Red vs Blue. What does this suggest?"	Antibiotic use has no effect on beta diversity	Antibiotic use is linked to community composition	Antibiotic use affects alpha but not beta diversity	The clusters are an error in the PCoA calculation	2	Clusters that match the antibiotic colours mean that samples with and without antibiotics differ in composition (beta diversity). It is an association: test it with PERMANOVA (beta-group-significance), and remember that a PCoA alone can't show cause.	16S	QIIME2	Diversity metric	QIIME application	milestone				
mile_div_q2_06	Why does `alpha-rarefaction` take a maximum depth (`--p-max-depth`) instead of a single sampling depth?	To filter out features above that frequency	To cap the file size of the visualization	So it can compute the curve at many steps up to it	To drop outlier samples from the calculation	3	A rarefaction curve needs diversity at many depths. QIIME 2 computes it at evenly spaced steps (10 by default) from the minimum depth up to --p-max-depth, then draws the curve through those points.	16S	QIIME2	Diversity metric	QIIME application	milestone				
mile_div_q2_07	In Emperor you colour samples by 'Subject', and the two subjects' samples overlap completely along PC1 and PC2. What should you conclude?	The two subjects have identical communities	Subject is the main driver of composition	The PCoA has been calculated incorrectly	Subject isn't a main source of variation	4	If colours mix completely on the main axes, the biggest differences between samples are not between subjects. That doesn't make the communities identical: other axes or a PERMANOVA test may still show a small subject effect.	16S	QIIME2	Diversity metric	QIIME application	milestone				
mile_div_q2_08	You only need Bray-Curtis and Jaccard, and you have no phylogenetic tree. What should you run?	`core-metrics`, which doesn't need a tree	`core-metrics-phylogenetic` without the tree	`core-metrics-phylogenetic` with an unrooted tree	Nothing; every diversity metric needs a tree	1	core-metrics-phylogenetic requires a rooted tree, because it also computes Faith's PD and UniFrac. core-metrics computes the non-phylogenetic metrics (observed features, Shannon, evenness, Jaccard, Bray-Curtis) from the table alone.	16S	QIIME2	Diversity metric	QIIME application	milestone				
mile_div_q2_09	PERMANOVA (`beta-group-significance`) gives a pseudo-F of 45.0 and p = 0.001. What does the large pseudo-F tell you?	It is the number of samples included in the test	Groups differ much more than samples within a group	It is the probability that the result is a false positive	It is the average alpha diversity of each group	2	Pseudo-F compares the spread between groups with the spread within groups, so 45 means the group centroids are far apart relative to the scatter inside each group. The p-value comes from permutations, and neither number is the probability of a false positive.	16S	QIIME2	Diversity metric	QIIME application	milestone				
mile_div_q2_10	You run `alpha-group-significance` with your Shannon vector and metadata file. How does it know to compare the groups in the column `Sex`?	You must name the column with `--m-metadata-column Sex`	It compares only the first column of the metadata file	It tests every categorical column in the file, Sex included	It reads the groups from the sample IDs in the table	3	alpha-group-significance tests every categorical column of the metadata file and shows one tab per column. Naming a single column with --m-metadata-column is how beta-group-significance works; for numeric columns, use alpha-correlation.	16S	QIIME2	Diversity metric	QIIME application	milestone				
survey_div_q2_01	Why is the `core-metrics-phylogenetic` pipeline preferred over running each diversity command separately?	It gives more accurate values for each metric	It lets each metric use its own sampling depth	It builds a better phylogenetic tree first	Every metric is computed from the same rarefied table	4	The pipeline rarefies once and computes every alpha and beta metric from that same subsampled table, so differences between metrics aren't caused by different random subsamples.	16S	QIIME2	Diversity metric	QIIME application	survey				
survey_div_q2_02	In an alpha rarefaction plot, Group A's curve extends to a higher depth than Group B's. What does this tell you?	Group A's samples have more reads	Group A is more diverse than Group B	Group B contains more host DNA	The rarefaction failed for Group B	1	The x-axis is sequencing depth. A curve can only continue to depths that its samples actually reached, so Group A's samples simply had more reads. Diversity is read from the height of the curve, not its length.	16S	QIIME2	Diversity metric	QIIME application	survey				
survey_div_q2_03	A student wants to exclude samples with fewer than 1,000 reads before diversity analysis. Which command does this?	`feature-table filter-features --p-min-frequency 1000`	`feature-table filter-samples --p-min-frequency 1000`	`diversity alpha-rarefaction --p-min-depth 1000`	`taxa filter-table --p-min-frequency 1000`	2	filter-samples with --p-min-frequency removes samples whose total read count is below the threshold. filter-features would remove rare features instead, and alpha-rarefaction only draws curves.	16S	QIIME2	Diversity metric	QIIME application	survey				
survey_div_q2_05	"Why is it important to use a ""Sample Metadata"" file when running `alpha-group-significance`?"	It sets the colours of the boxplots	It provides the diversity values to compare	It says which group each sample belongs to	It filters the table before the test	3	The test compares diversity between groups, and only the metadata says which samples are, for example, treated or controls. The diversity values come from the alpha vector.	16S	QIIME2	Diversity metric	QIIME application	survey				
conf_01	I am confident in my ability to explain the Illumina sequencing workflow.	-	-	-	-	-	-	16S	QIIME2	NA	NA	confidence				
conf_02	I am confident in my ability to run QIIME 2 commands for importing and denoising.	-	-	-	-	-	-	16S	QIIME2	NA	NA	confidence				
conf_03	I am confident in my ability to interpret taxonomic barplots and diversity plots.	-	-	-	-	-	-	16S	QIIME2	NA	NA	confidence				
core_unix_01	Which character sequence represents the 'parent directory' (one level up) in a file path?	`/`	`~`	`..`	`.`	3	`..` always means the directory one level above the current one, and `.` the current directory itself. `/` is the root of the file system, and `~` is your home directory.	16S	QIIME2	Core	UNIX	core				
core_unix_02	What is the defining feature of an 'Absolute Path' compared to a 'Relative Path'?	It begins at the current directory	It is always shorter to type	It never contains spaces or dots	It starts at the root, `/`	4	An absolute path such as /home/user/data starts at the root, so it works from anywhere. A relative path such as data/reads starts from your current directory.	16S	QIIME2	Core	UNIX	core				
core_unix_03	You are typing a long file name. Which key can you press to auto-complete the name after typing the first few letters?	Enter	Tab	Space	Ctrl+C	2	Tab completion fills in file and command names for you, saving time and preventing typos. Press Tab twice to list every match when the start is ambiguous.	16S	QIIME2	Core	UNIX	core				
core_unix_04	Which command prints the full path of the directory you are currently working in? (command only)						pwd (print working directory) shows where you are, such as /home/student/project. ls lists what is in the directory, and cd moves you to another one.	16S	QIIME2	Core	UNIX	core		text	pwd	
core_unix_05	"What is the effect of putting a space in a filename (e.g., `my data.fastq`) without quoting it?"	The shell sees two separate arguments	It works, because the shell ignores spaces	The shell deletes the file to avoid errors	The shell creates a folder named `my`	1	Spaces separate arguments, so `my data.fastq` becomes two names, my and data.fastq. Quote the name ("my data.fastq") or escape the space (my\ data.fastq), or better, avoid spaces in file names.	16S	QIIME2	Core	UNIX	core				
core_unix_06	You see a file path listed as `~`. What does the tilde `~` symbol represent?	The root directory	The user's home directory	The system's temporary directory	The trash directory	2	~ is shorthand for your home directory, such as /home/student, so ~/data means the data folder inside it. The root directory is /.	16S	QIIME2	Core	UNIX	core				
core_unix_07	Which command lists the files and folders in the current directory? (command only)						ls lists the contents of a directory; ls -l adds sizes and dates, and ls -a also shows hidden files. Commands such as show or open aren't standard UNIX commands for listing.	16S	QIIME2	Core	UNIX	core		text	ls|ls -l|ls -a|ls -la|ls -lh	
core_unix_08	You typed a complex command incorrectly. How can you quickly retrieve the previous command from your history to edit it?	Press the Up Arrow key	Press Ctrl+Z	Press the Down Arrow key	Type `history -1`	1	The Up arrow steps back through your command history, so you can fix a typo without retyping everything. Ctrl+R searches the history, and Ctrl+Z suspends a running command.	16S	QIIME2	Core	UNIX	core				
core_unix_09	What does the backslash `\` character do when placed at the very end of a command line?	It runs the command in the background	It comments out the rest of the line	It continues the command below	It cancels the command before it runs	3	A backslash at the end of a line escapes the newline, so the shell waits for the rest of the command; long QIIME 2 commands are often split this way. & runs a command in the background, and # starts a comment.	16S	QIIME2	Core	UNIX	core				
core_unix_10	"You try to run `QIIME` but get ""command not found"". You know it is installed. What is the likely cause of the error?"	The computer needs to be restarted first	You are in the wrong folder to run it	It must be started with `run QIIME`	UNIX is case-sensitive; type `qiime`	4	UNIX is case-sensitive: QIIME and qiime are different words, and the command is lowercase. If qiime also fails, check that the QIIME 2 conda environment is activated.	16S	QIIME2	Core	UNIX	core				
core_unix_11	"What is the wildcard character used to select ""all files"" matching a pattern (e.g., all files ending in .fastq)?"	`?`	`#`	`*`	`@`	3	* matches any run of characters, so *.fastq matches every file ending in .fastq. ? matches exactly one character, and # starts a comment.	16S	QIIME2	Core	UNIX	core				
core_unix_12	You want to organize your files. Which command creates a new directory (folder)?	`newdir`	`mkdir`	`touch`	`rm`	2	mkdir (make directory) creates a folder. touch creates an empty file, and rm removes files, so use it carefully.	16S	QIIME2	Core	UNIX	core				
core_unix_14	"If you run a command and receive ""File not found"", but you can see the input file in your file browser, what is the most common mistake?"	The path to the file is wrong	The file is locked by another user	The file is corrupted on the disk	The terminal has no internet access	1	Commands look for relative paths from your current directory (pwd). If the file is somewhere else, give its full path or cd to its folder first. Tab completion helps you type paths correctly.	16S	QIIME2	Core	UNIX	core				
core_unix_15	"How do you navigate ""down"" into a subfolder named `data`?"	`cd ..`	`ls data`	`go data`	`cd data`	4	cd (change directory) followed by a folder name moves you into it; cd .. moves you back up one level. ls data only lists the folder's contents.	16S	QIIME2	Core	UNIX	core				
core_unix_16	What visual cue does the terminal provide to indicate a command is still running and has not crashed?	The terminal window turns blue	The `$` prompt hasn't come back yet	It prints 'Done' every few seconds	The cursor disappears from the screen	2	While a command runs in the foreground, the shell doesn't show its prompt (often ending in $). When the prompt comes back, the command has finished, successfully or not, so check its output.	16S	QIIME2	Core	UNIX	core				
core_unix_18	What is the general difference between a flag with one dash `-i` and two dashes `--input`?	One dash for outputs, two dashes for inputs	One dash is optional, two dashes are required	One dash for single letters, two for whole words	There is no difference; both work everywhere	3	By convention, a single dash introduces a one-letter option (-h) and a double dash a full-word option (--help). Many tools offer both forms for the same option.	16S	QIIME2	Core	UNIX	core				
core_unix_19	You want to read the help manual for the `mkdir` command. What would you type?	`mkdir man`	`help mkdir`	`mkdir ?`	`man mkdir`	4	man mkdir opens the manual page (press q to quit), and most tools also print a short summary with --help. The help command covers only shell built-ins such as cd.	16S	QIIME2	Core	UNIX	core				
core_unix_20	QIIME 2 commands make you name each output, for example `--o-table table.qza`. Why?	So you choose where results go and what they are called	Because QIIME 2 overwrites your raw data otherwise	Because the output name sets its semantic type	Because unnamed outputs are deleted afterwards	1	Command-line tools don't guess where to save things: you give every output a path and a meaningful name (or use --output-dir to let QIIME 2 name them in a folder). The semantic type comes from the action, not the file name.	16S	QIIME2	Core	UNIX	core				
mis_01	Freezer failure! Samples thawed. (-$100)						Repeated freeze-thaw cycles fragment DNA and degrade enzymes. Labs keep precious extracts as aliquots in more than one freezer and put temperature alarms on -80 °C units.	16S	QIIME2			mishap				
mis_02	Grant received! (+$100)						The cost of sequencing fell faster than Moore's law after 2008, when high-throughput machines arrived, which is why 16S surveys of hundreds of samples are now affordable.	16S	QIIME2			mishap				
mis_03	Your laptop went to sleep and killed a six-hour DADA2 run. (-$100)						Run long jobs inside tmux or screen, or as a batch job on a cluster, so they survive a closed lid or a dropped connection.	16S	QIIME2			mishap				
mis_04	You skipped the negative controls, and a reviewer noticed. (-$150)						Extraction blanks and PCR negatives reveal DNA from kits and reagents (the 'kitome'), which can dominate low-biomass samples such as skin or air.	16S	QIIME2			mishap				
mis_05	Your metadata lists the same body site as 'Gut', 'gut' and 'GUT'. (-$50)						Metadata values are case-sensitive, so QIIME 2 sees three different groups. Check your metadata with qiime metadata tabulate before you start.	16S	QIIME2			mishap				
mis_06	Two barcodes were swapped in the sample sheet! (-$100)						Swapped barcodes silently give reads to the wrong samples. Check the sample sheet against the plate map before demultiplexing, and put a control in a known well.	16S	QIIME2			mishap				
mis_07	Your mock community came back exactly as expected. (+$100)						A mock community is a defined mix of known strains sequenced alongside your samples. Comparing what you get with what you put in shows how much PCR, sequencing and the pipeline distort abundances.	16S	QIIME2			mishap				
mis_08	Your shared conda environment file saved a classmate's afternoon. (+$150)						conda env export > environment.yml records every package version so others can rebuild the same setup. QIIME 2 also records software versions in the provenance of every artifact.	16S	QIIME2			mishap				
prop_q2_qc_multi_01	Which of these tools can denoise amplicon reads inside QIIME 2? (Select all that apply)	DADA2	Deblur	MAFFT	Emperor	1,2	DADA2 (q2-dada2) and Deblur (q2-deblur) both denoise reads into ASVs. MAFFT aligns sequences to build a tree, and Emperor draws PCoA plots.	16S	QIIME2	QIIME Foundations	Denoising & QC	property		multi		
prop_16s_numeric_01	About how many base pairs long is the full-length bacterial 16S rRNA gene?						The 16S rRNA gene is about 1,500 bp long (about 1,542 bp in E. coli), which is why short-read studies target only one or two of its variable regions.	16S	QIIME2	Amplicon sequencing	16S rRNA	property		numeric	1500	10%
prop_16s_numeric_02	How many hypervariable regions does the bacterial 16S rRNA gene contain?						There are nine hypervariable regions, V1 to V9, separated by conserved stretches where 'universal' primers bind.	16S	QIIME2	Amplicon sequencing	16S rRNA	property		numeric	9	
mile_q2_order_01	Put these steps of a typical QIIME 2 amplicon workflow in the order you would run them.	Import raw reads (qiime tools import)	Demultiplex samples	Denoise into ASVs (DADA2)	Assign taxonomy with a classifier		Data are imported into a QIIME 2 artifact first, split by sample barcode, denoised into ASVs, and only then classified taxonomically, because the classifier needs the ASV sequences.	16S	QIIME2	QIIME Foundations	Import & Architecture	milestone		order		
prop_div_text_01	Which type of diversity compares community composition BETWEEN samples? (one word)						Beta diversity measures differences between samples (e.g. Bray-Curtis, UniFrac); alpha diversity describes diversity within a single sample.	16S	QIIME2	Diversity metric	Diversity	property		text	beta|beta diversity|β|β diversity	
prop_q2_text_01	What file extension do QIIME 2 visualizations use?						Visualizations are saved as .qzv files (viewable at view.qiime2.org); data artifacts use .qza.	16S	QIIME2	QIIME Foundations	Import & Architecture	property		text	.qzv|qzv	
prop_16s_img_target_01	Based on this diagram, which part of the 16S rRNA gene does this amplicon approach sequence?	Only the sample barcode	Only the V3 and V4 regions	The full gene, V1 to V9	Only the conserved regions	2	The primers bind conserved sequence on either side of V3 and V4, so the amplicon covers the V3–V4 hypervariable regions. Conserved regions are where primers bind; the variable regions carry the taxonomic signal.	16S	QIIME2	Amplicon sequencing	16S rRNA	property	sab_16s_amplicon.png			
prop_16s_img_barcode_01	In this diagram, what is the job of the sample barcode attached to the primer?	To show which sample each read came from	To bind the conserved region of the 16S gene	To mark which variable region is being sequenced	To increase how much DNA the PCR produces	1	Barcodes are short unique sequences added to each sample's amplicons. After many samples are pooled and sequenced together, reads are sorted back into samples by their barcode; this is demultiplexing. The primer, not the barcode, binds the 16S gene.	16S	QIIME2	Amplicon sequencing	Sequencing	property	sab_16s_amplicon.png			
mile_q2_img_quality_01	This forward-read quality plot comes from `qiime demux summarize`. Where would you truncate the forward reads before denoising with DADA2?	At 300, to keep every base of every read	At 20, to be as safe as possible	Around 230–240, before the quality drop	Nowhere; DADA2 corrects every error	3	Quality stays high (around 38) until roughly base 220–240 and then falls steeply. Truncating just before the drop keeps most of each read while removing the low-quality tail that would make reads fail DADA2's filter. Truncating far too early throws away the overlap needed to merge paired reads.	16S	QIIME2	QIIME Foundations	Denoising & QC	milestone	sab_quality_plot.png			
prop_div_img_rarefaction_01	This alpha rarefaction plot shows observed features against sequencing depth, one line per sample. What does it mean that the curves flatten out above about 3,000 reads?	Flatter curves mean that diversity is higher	The samples became contaminated above 3,000	Every sample is lost if you rarefy above 3,000	Deeper sequencing would find few new features	4	When a rarefaction curve levels off, extra reads mostly re-find features already seen, so that depth is enough to describe the sample's richness. The height of the plateau, not how flat it is, shows how diverse a sample is.	16S	QIIME2	Diversity metric	Diversity	property	sab_rarefaction.png			
mile_div_img_pcoa_01	In the 'After filtering' ordination, the x-axis is labelled PC1 (96.55%). What does 96.55% mean?	PC1 explains 96.55% of the variation in the distances	Filtering removed 96.55% of the features from the table	96.55% of the samples belong to the first cluster	The samples are 96.55% similar to each other	1	Each PCoA axis is labelled with the share of the total variation in the distance matrix that it explains. Here almost all of the structure lies along PC1, which is where the three clusters separate; PC2 adds only 2.78%.	16S	QIIME2	Diversity metric	QIIME application	milestone	sab_pcoa.png			
prop_16s_img_fastq_01	How many sequencing reads are shown in this FASTQ excerpt?						Each FASTQ record takes four lines: a header starting with @, the sequence, a + separator and a quality string. Eight lines therefore hold two reads.	16S	QIIME2	Amplicon sequencing	Sequencing	property	sab_fastq.png	numeric	2	
survey_16s_img_fastq_02	In this FASTQ excerpt, what does line 4 contain?	The reverse complement of the read in line 2	A quality character for each base in line 2	The sample barcode of the read in line 2	Adapter sequence that must be trimmed off	2	The fourth line of each FASTQ record encodes the Phred quality score of every base in line 2 as one ASCII character (Phred+33), so it is exactly as long as the sequence.	16S	QIIME2	Amplicon sequencing	Sequencing	survey	sab_fastq.png			