id	question	option1	option2	option3	option4	correctIndex	explanation	bigTopic	module	theme	subtheme	type	imageFile	format	answer	tolerance
prop_t1a_01	Which measure of center is most resistant to a few extreme outliers?	The midrange (average of min and max)	The mean	The standard deviation	The median	4	The median depends only on the middle of the ordered data, so extreme values barely move it. The mean is pulled toward outliers, and the standard deviation measures spread, not center.	Statistics	Intro Statistics Review	Describing Data	Center & Spread	property				
prop_t1a_02	What is the median of the data set 2, 4, 4, 5, 10?						Sorted, the middle (3rd of 5) value is 4. The mean is 5, because the 10 pulls it upward.	Statistics	Intro Statistics Review	Describing Data	Center & Spread	property		numeric	4	
prop_t1a_03	You add 10 points to every student's exam score. Which statistic changes?	The standard deviation	The range	The mean	The interquartile range (IQR)	3	Shifting every value by a constant moves the center by that constant but leaves every distance between values, and therefore every measure of spread, unchanged.	Statistics	Intro Statistics Review	Describing Data	Center & Spread	property				
prop_t1a_04	Which of these are measures of spread? (Select all that apply)	Interquartile range (IQR)	Standard deviation	Median	Mode	1,2	IQR and standard deviation describe how spread out values are. Median and mode describe the center (typical value).	Statistics	Intro Statistics Review	Describing Data	Center & Spread	property		multi		
prop_t1b_01	In a strongly right-skewed distribution, how do the mean and median usually compare?	A skewed distribution has no median	The mean is greater than the median	The mean is less than the median	They are equal, as in any distribution	2	The long right tail pulls the mean upward, while the median stays near the bulk of the data. In left-skewed data the mean is usually below the median.	Statistics	Intro Statistics Review	Describing Data	Distributions & Graphs	property				
prop_t1b_02	Which graph is best for showing the distribution of a single quantitative variable, such as reaction times?	Scatterplot	Bar chart of category counts	Pie chart	Histogram	4	A histogram bins a quantitative variable to show its shape, center and spread. Scatterplots need two quantitative variables; pie and bar charts are for categories.	Statistics	Intro Statistics Review	Describing Data	Distributions & Graphs	property				
prop_t1b_03	In a boxplot, the box spans from Q1 to Q3. What is this distance called?						The interquartile range (IQR = Q3 − Q1) covers the middle 50% of the data and is resistant to outliers.	Statistics	Intro Statistics Review	Describing Data	Distributions & Graphs	property		text	interquartile range|IQR|inter-quartile range	
prop_t1b_04	For a normal distribution, about what percentage of values lie within 2 standard deviations of the mean?	About 95%	About 50%	About 68%	About 99.7%	1	The 68–95–99.7 rule: about 68% within 1 SD, about 95% within 2 SD and about 99.7% within 3 SD.	Statistics	Intro Statistics Review	Describing Data	Distributions & Graphs	property				
prop_t1b_05	What is the shape of the distribution shown in the histogram?	Left-skewed	Uniform	Symmetric	Right-skewed	4	Most values sit on the left with a long tail stretching to the right, which is right (positive) skew, typical of waiting times and incomes.	Statistics	Intro Statistics Review	Describing Data	Distributions & Graphs	property	stats_hist_right_skew.png			
mile_t1_01	A town reports a mean household income of $95,000 but a median of $52,000. What best explains the gap?	A few very high incomes pull the mean up	One of the two numbers must be a calculation error	Most households earn more than the $95,000 mean	The distribution is symmetric, so the gap is random	1	When the mean sits far above the median, a long right tail of very large values is pulling the mean up. This is why median income is usually reported.	Statistics	Intro Statistics Review	Describing Data		milestone				
mile_t1_02	A data set of exam scores has a standard deviation of 0. What can you conclude?	The sample size is too small to compute an SD	The mean score is 0	The scores are normally distributed	Every score is identical	4	SD measures the typical distance from the mean; it is 0 only when every value equals the mean. It says nothing about the mean being 0.	Statistics	Intro Statistics Review	Describing Data		milestone				
mile_t1_03	Put the steps for computing a sample standard deviation in order.	Compute the sample mean	Subtract the mean from each value and square the result	Add the squared deviations and divide by n − 1	Take the square root		Deviations are squared so they don't cancel out, divided by n − 1 to get the sample variance, and square-rooted to return to the original units.	Statistics	Intro Statistics Review	Describing Data		milestone		order		
mile_t1_04	Heights are converted from centimetres to inches by dividing by 2.54. What happens to the standard deviation?	It stays the same	It is divided by 2.54	It decreases by 2.54	It is multiplied by 2.54	2	Multiplying or dividing every value by a constant scales the spread by the same factor. Adding or subtracting a constant would leave the SD unchanged.	Statistics	Intro Statistics Review	Describing Data		milestone				
mile_t1_05	IQ scores have mean 100 and SD 15. What is the z-score of an IQ of 130?						z = (130 − 100) / 15 = 2, so the score is 2 standard deviations above the mean.	Statistics	Intro Statistics Review	Describing Data		milestone		numeric	2	
mile_t1_06	Which pair of summaries is most appropriate for a strongly skewed variable such as hospital length of stay?	Median and IQR	Mode and range	Mean and range	Mean and SD	1	Median and IQR are resistant to the long tail; the mean and SD are both distorted by extreme stays.	Statistics	Intro Statistics Review	Describing Data		milestone				
prop_t2a_01	Events A and B are independent, with P(A) = 0.3 and P(B) = 0.5. What is P(A and B)?						For independent events, P(A and B) = P(A) × P(B) = 0.3 × 0.5 = 0.15. Adding them (0.8) would be wrong.	Statistics	Intro Statistics Review	Probability	Probability Rules	property		numeric	0.15	0.001
prop_t2a_02	A and B are mutually exclusive, with P(A) = 0.2 and P(B) = 0.3. What is P(A or B)?	0.1	0.06	0.44	0.5	4	Mutually exclusive events can't happen together, so P(A or B) = 0.2 + 0.3 = 0.5. 0.44 would apply to independent events (0.2 + 0.3 − 0.06).	Statistics	Intro Statistics Review	Probability	Probability Rules	property				
prop_t2a_03	The probability of rain tomorrow is 0.35. What is the probability of no rain?	1.35	0.65	It cannot be determined	0.35	2	Complement rule: P(not A) = 1 − P(A) = 1 − 0.35 = 0.65.	Statistics	Intro Statistics Review	Probability	Probability Rules	property				
prop_t2a_04	True or false: two mutually exclusive events, each with probability above 0, are also independent.	True	False			2	False. If A happens, B cannot, so knowing A changes the probability of B to 0. That is dependence.	Statistics	Intro Statistics Review	Probability	Probability Rules	property				
prop_t2b_01	What is the expected value of one roll of a fair six-sided die?						E(X) = (1 + 2 + 3 + 4 + 5 + 6) / 6 = 3.5. An expected value need not be a possible outcome.	Statistics	Intro Statistics Review	Probability	Random Variables	property		numeric	3.5	
prop_t2b_02	Which of these is a discrete random variable?	The time it takes to run a mile	A person's height	The number of heads in 10 coin flips	Tomorrow's high temperature	3	Discrete variables take countable values (0, 1, …, 10 heads). Time, height and temperature are measured on a continuum.	Statistics	Intro Statistics Review	Probability	Random Variables	property				
prop_t2b_03	Which situation fits a binomial distribution?	Counting how many trials it takes to reach the first success	Measuring a continuous outcome, such as weight, on each trial	A fixed number of independent trials, each with the same success chance	Drawing cards without replacement, so the chance changes each time	3	A binomial setting needs a fixed number n of independent trials, two outcomes and the same success probability p each time. Counting until the first success is geometric, and drawing without replacement (changing p) is hypergeometric.	Statistics	Intro Statistics Review	Probability	Random Variables	property				
prop_t2b_04	X is binomial with n = 10 and p = 0.5. What is the mean of X?						For a binomial, the mean is n × p = 10 × 0.5 = 5.	Statistics	Intro Statistics Review	Probability	Random Variables	property		numeric	5	
mile_t2_01	A disease affects 1% of people. A test detects 90% of true cases but also gives a positive result for 5% of healthy people. Someone tests positive. About how likely are they to have the disease?	About 95%	About 15%	About 90%	About 1%	2	Out of 10,000 people: 90 true positives and about 495 false positives. 90 / 585 ≈ 15%. With a rare disease, most positives are false (base-rate neglect).	Statistics	Intro Statistics Review	Probability		milestone				
mile_t2_02	A fair coin has landed heads 5 times in a row. What is the probability that the next flip is heads?	About 0.03	More than 0.5, because heads is on a streak	0.5	Less than 0.5, because tails is due	3	Flips are independent, so the coin has no memory: P(heads) is still 0.5. 0.03 ≈ (1/2)^5 is the chance of the streak itself (gambler's fallacy).	Statistics	Intro Statistics Review	Probability		milestone				
mile_t2_03	X takes the values 0, 1 and 2. Which lists of probabilities for (0, 1, 2) form valid probability distributions? (Select all that apply)	0.2, 0.5, 0.3	0.4, 0.4, 0.2	0.5, 0.6, −0.1	0.3, 0.3, 0.3	1,2	A valid distribution needs every probability between 0 and 1 and a total of exactly 1. The list 0.5, 0.6, −0.1 contains a negative probability, and 0.3, 0.3, 0.3 adds up to only 0.9.	Statistics	Intro Statistics Review	Probability		milestone		multi		
mile_t2_04	X and Y are independent with Var(X) = 4 and Var(Y) = 9. What is SD(X + Y)? (2 decimal places)						Variances add for independent variables: Var(X + Y) = 13, so SD = √13 ≈ 3.61. Adding the SDs (2 + 3 = 5) is a common mistake.	Statistics	Intro Statistics Review	Probability		milestone		numeric	3.61	0.01
mile_t2_05	What is the probability of rolling at least one six in four rolls of a fair die?	(1/6)⁴ ≈ 0.0008	1/6 ≈ 0.17	1 − (5/6)⁴ ≈ 0.52	4 × 1/6 ≈ 0.67	3	"At least one" is easiest through the complement: 1 − P(no sixes) = 1 − (5/6)⁴ ≈ 0.52. Multiplying 4 × 1/6 double-counts overlaps.	Statistics	Intro Statistics Review	Probability		milestone				
mile_t2_06	Which statement best describes the law of large numbers?	With many trials, the proportion settles near the true probability	Short runs of outcomes quickly balance each other out	Large samples are always normally distributed, whatever the population	After many tails in a row, heads becomes more likely	1	The LLN is about long-run averages converging. It does not make short runs balance out, and it is not the Central Limit Theorem.	Statistics	Intro Statistics Review	Probability		milestone				
prop_t3a_01	What is the standard error of the sample mean, with population SD σ and sample size n?	σ × √n	σ / √n	σ / n	σ² / n	2	SE = σ / √n. σ² / n is the variance of the sample mean, not its standard error.	Statistics	Intro Statistics Review	Sampling & Inference	Sampling Distributions	property				
prop_t3a_02	What does the Central Limit Theorem state?	Individual observations become normal when n is large	The population itself becomes normal when n is large	A sample's histogram looks more and more normal as n grows	The distribution of sample means approaches normal as n grows	4	The CLT is about the sampling distribution of the mean (the means of many samples), not about individual data. A large sample's histogram looks like the population, skewed or not.	Statistics	Intro Statistics Review	Sampling & Inference	Sampling Distributions	property				
prop_t3a_03	The population SD is 20 and the sample size is 100. What is the standard error of the mean?						SE = 20 / √100 = 20 / 10 = 2.	Statistics	Intro Statistics Review	Sampling & Inference	Sampling Distributions	property		numeric	2	
prop_t3a_04	By what factor must you multiply the sample size to halve the standard error?						SE is proportional to 1/√n, so halving it requires √n to double, which means n × 4.	Statistics	Intro Statistics Review	Sampling & Inference	Sampling Distributions	property		numeric	4	
prop_t3b_01	Which is a correct interpretation of a 95% confidence interval?	There is a 95% chance the sample mean is in this interval	95% of the individual data values fall inside the interval	About 95% of such intervals capture the true value	The true value moves inside this interval 95% of the time	3	The 95% describes the method: across many samples, about 95% of the intervals built this way contain the fixed true parameter. The sample mean is always at the centre of its own interval, and the interval is not about individual data values.	Statistics	Intro Statistics Review	Sampling & Inference	Confidence Intervals	property				
prop_t3b_02	Using the same data, you switch from a 95% to a 99% confidence interval. What happens to the interval?	It becomes narrower	It depends on the sample mean	It stays the same width	It becomes wider	4	More confidence needs a larger critical value (2.576 instead of 1.96), so the interval widens.	Statistics	Intro Statistics Review	Sampling & Inference	Confidence Intervals	property				
prop_t3b_03	Which changes make a confidence interval for a mean narrower, all else equal? (Select all that apply)	A larger sample size	A lower confidence level	A larger sample standard deviation	A higher confidence level	1,2	Width = critical value × s/√n. A larger n and a smaller critical value (lower confidence) shrink it; more variability or more confidence widen it.	Statistics	Intro Statistics Review	Sampling & Inference	Confidence Intervals	property		multi		
prop_t3b_04	What is the critical z value for a 95% confidence interval? (2 decimal places)						95% of the standard normal lies between −1.96 and 1.96.	Statistics	Intro Statistics Review	Sampling & Inference	Confidence Intervals	property		numeric	1.96	0.01
mile_t3_01	A volunteer online poll of 1,000 people finds that 60% support a policy. What is the biggest problem with generalising this result?	The sample is too small	Selection bias from voluntary response	The CLT does not apply to proportions	The margin of error cannot be computed for proportions	2	People who choose to respond differ from those who don't. A large biased sample is still biased, and more data doesn't fix it.	Statistics	Intro Statistics Review	Sampling & Inference		milestone				
mile_t3_02	A 95% CI for mean weight loss is (−0.5, 4.2) kg. What can you conclude about H0: μ = 0 at α = 0.05 (two-sided)?	Reject H0, because most of the interval is positive	Fail to reject H0, because the interval contains 0	Reject H0, because the upper bound is above 4	A confidence interval tells you nothing about hypothesis tests	2	A two-sided test at α = 0.05 rejects μ = 0 only if 0 lies outside the 95% CI. Here 0 is inside, so the data are consistent with no change.	Statistics	Intro Statistics Review	Sampling & Inference		milestone				
mile_t3_03	Put the steps for building a large-sample confidence interval for a mean in order.	Compute the sample mean and standard deviation	Compute the standard error s / √n	Find the critical value for the chosen confidence level	Report: mean ± critical value × standard error		Summarise the sample, measure the sampling variability (SE), choose how confident to be (critical value), then combine them into the interval.	Statistics	Intro Statistics Review	Sampling & Inference		milestone		order		
mile_t3_04	A poll of n = 400 has a margin of error of 3 points. About what sample size gives a margin of error of 1.5 points?						The margin of error is proportional to 1/√n: halving it needs 4 times the sample, 4 × 400 = 1,600.	Statistics	Intro Statistics Review	Sampling & Inference		milestone		numeric	1600	1%
mile_t3_05	Which statement describes bootstrapping?	Resampling the data with replacement to mimic sampling variation	Resampling the data without replacement to mimic sampling variation	Removing outliers repeatedly until the interval is stable	Collecting many new samples from the population itself	1	The bootstrap treats the sample as a stand-in for the population and resamples it with replacement. Without replacement you just get the same data back in a different order.	Statistics	Intro Statistics Review	Sampling & Inference		milestone				
mile_t3_06	How do the standard deviation (SD) and the standard error (SE) differ?	SE grows with n, because more data adds more variation	SD: spread of individual values; SE: spread of a statistic	They measure the same thing; SE is just the SD squared	SD shrinks toward zero as the sample size increases	2	SD describes spread in the data and doesn't systematically shrink with n. SE = SD / √n describes how much the sample mean varies and does shrink.	Statistics	Intro Statistics Review	Sampling & Inference		milestone				
prop_t4a_01	What is a p-value?	The chance that H0 is true, given the observed data	The chance that the result would replicate in a new study	The chance that the alternative hypothesis is true	The chance of data at least this extreme if H0 is true	4	The p-value is computed assuming H0 is true; it is not the probability that H0 (or H1) is true.	Statistics	Intro Statistics Review	Hypothesis Testing	Tests & p-values	property				
prop_t4a_02	A test gives p = 0.03 with α = 0.05. What is the conclusion?	Increase α and retest	H0 is proven true	Reject H0	Fail to reject H0	3	Because p < α, the result is statistically significant and we reject H0. Changing α after seeing the data is not legitimate.	Statistics	Intro Statistics Review	Hypothesis Testing	Tests & p-values	property				
prop_t4a_03	The hypothesis of "no effect" or "no difference" is called the ______ hypothesis.						The null hypothesis (H0) is the default claim of no effect; the alternative (H1) is what the researcher hopes to show.	Statistics	Intro Statistics Review	Hypothesis Testing	Tests & p-values	property		text	null|null hypothesis|H0|H₀	
prop_t4a_04	Which test compares the means of two independent groups?	Two-sample t-test	Chi-square test of independence	Correlation test	Paired t-test	1	A two-sample t-test compares means of independent groups. A paired t-test is for matched or repeated measurements, and chi-square is for categorical counts.	Statistics	Intro Statistics Review	Hypothesis Testing	Tests & p-values	property				
prop_t4b_01	What is a Type I error?	Rejecting H0 when it is actually true	Using the wrong statistical test	Failing to reject H0 when it is false	Collecting a biased sample	1	A Type I error is a false positive, and its probability is α. Failing to reject a false H0 is a Type II error (a false negative).	Statistics	Intro Statistics Review	Hypothesis Testing	Errors & Power	property				
prop_t4b_02	What is the statistical power of a test?	The probability of a Type I error	The significance level α of the test	P(rejecting H0 when H0 is false)	The p-value observed in the study	3	Power = 1 − β, the chance of detecting a real effect. α is the Type I error rate.	Statistics	Intro Statistics Review	Hypothesis Testing	Errors & Power	property				
prop_t4b_03	Which changes increase the power of a test, all else equal? (Select all that apply)	A larger sample size	A larger true effect size	Using α = 0.01 instead of 0.05	More variability in the data	1,2	More data and bigger effects make real differences easier to detect. A stricter α and noisier data both reduce power.	Statistics	Intro Statistics Review	Hypothesis Testing	Errors & Power	property		multi		
prop_t4b_04	You run 20 independent tests at α = 0.05, and every null hypothesis is true. How many false positives do you expect?						Expected false positives = 20 × 0.05 = 1. This is why multiple comparisons need correction.	Statistics	Intro Statistics Review	Hypothesis Testing	Errors & Power	property		numeric	1	
mile_t4_01	A study of 50,000 people finds a blood-pressure difference of 0.1 mmHg with p < 0.001. What is the best interpretation?	It must be a Type I error because the effect is so small	Significant, but too small to matter in practice	The p-value proves the treatment causes the difference	A large, clinically important effect on blood pressure	2	With huge samples, tiny effects become significant. Always look at the effect size and its real-world meaning, not only the p-value.	Statistics	Intro Statistics Review	Hypothesis Testing		milestone				
mile_t4_02	A researcher tests 10 different outcomes and reports only the one with p = 0.04. What is the main problem?	Nothing; p < 0.05 means the finding is real	A one-sided test should have been used instead	Many tests inflate the false-positive risk	The sample size was too large to trust the test	3	With 10 tests, the chance of at least one false positive is about 40%. Selective reporting makes a chance finding look real.	Statistics	Intro Statistics Review	Hypothesis Testing		milestone				
mile_t4_03	The same patients are measured before and after a treatment. Which test is appropriate?	Two-sample t-test	Chi-square goodness-of-fit test	Paired t-test	One-way ANOVA with three groups	3	Before and after measurements on the same people are dependent, so analyse the within-person differences with a paired t-test.	Statistics	Intro Statistics Review	Hypothesis Testing		milestone				
mile_t4_04	A test fails to reject H0. What does this mean?	The data have shown that the null hypothesis is true	The true effect in the population is exactly zero	The data don't give strong enough evidence against H0	The study has made a Type I error (false positive)	3	Absence of evidence is not evidence of absence: the study may simply have had too little power to detect an effect.	Statistics	Intro Statistics Review	Hypothesis Testing		milestone				
mile_t4_05	Put the steps of a hypothesis test in order.	State the null and alternative hypotheses	Choose α and an appropriate test	Compute the test statistic and p-value	Compare the p-value with α and state a conclusion in context		Hypotheses and α must be fixed before looking at the result. Choosing them afterwards invalidates the test.	Statistics	Intro Statistics Review	Hypothesis Testing		milestone		order		
mile_t4_06	An observational study finds that coffee drinkers live longer (p = 0.01). What is the most important caveat?	The sample must be biased because it is observational	A significance level of 0.10 should have been used	A p-value this small is too good to be trusted	Confounders may explain it, so causation isn't shown	4	Without random assignment, other factors such as income or health habits could drive both coffee drinking and longevity.	Statistics	Intro Statistics Review	Hypothesis Testing		milestone				
core_01	Which R function returns the arithmetic mean of a numeric vector x?	sum(x)	mean(x)	avg(x)	median(x)	2	mean(x) computes the average. Base R has no avg() function, and sum(x) is the total, not the mean.	Statistics	Intro Statistics Review	Core	R Basics	core				
core_02	What does length(c(3, 7, 9)) return in R?						length() counts elements; c(3, 7, 9) has three.	Statistics	Intro Statistics Review	Core	R Basics	core		numeric	3	
core_03	Which R code creates a numeric vector containing 1, 2 and 3?	list(1:3)	[1, 2, 3]	vector(1, 2, 3)	c(1, 2, 3)	4	c() combines values into a vector. Square brackets are for indexing, and list() creates a list, not a numeric vector.	Statistics	Intro Statistics Review	Core	R Basics	core				
core_04	For a numeric vector x, what does summary(x) report?	Min, quartiles, median, mean and max	The mean and standard deviation	A histogram drawn in the plot window	The number of missing values only	1	summary() gives the five-number summary plus the mean. Use sd(x) for the standard deviation and hist(x) for a histogram.	Statistics	Intro Statistics Review	Core	R Basics	core				
core_05	Which base R function computes the sample standard deviation of x? (function name only)						sd(x) returns the sample SD, using n − 1; var(x) returns the variance.	Statistics	Intro Statistics Review	Core	R Basics	core		text	sd|sd()|sd(x)	
core_06	Why call set.seed(42) before running a simulation in R?	So the simulation runs faster on later attempts	So the random numbers become truly random	So outliers are removed from the simulated data	So the random results can be reproduced exactly	4	set.seed() fixes the starting point of the pseudo-random number generator, so the same code gives the same results every time.	Statistics	Intro Statistics Review	Core	R Basics	core				
mis_01	Your laptop crashed and your unsaved analysis is gone! (-$100)						Save often and keep your analysis in scripts, not just the console. Version control (e.g. Git) makes work recoverable.	Statistics	Intro Statistics Review			mishap				
mis_02	A reviewer praised your clearly labelled graphs! (+$100)						Good graphs label axes with units, start bar charts at zero, and show the data honestly.	Statistics	Intro Statistics Review			mishap				
mis_03	You forgot set.seed() and can't reproduce your simulation. (-$75)						Reproducibility starts with recording random seeds, software versions and every analysis step.	Statistics	Intro Statistics Review			mishap				
mis_04	Free statistical consulting saved your project! (+$150)						Many universities offer free statistics consulting. Asking early, before collecting data, saves the most trouble.	Statistics	Intro Statistics Review			mishap				
mis_05	You mixed up rows while sorting one column in a spreadsheet. (-$150)						Sorting a single column breaks the link between variables. Sort whole rows, or work in code.	Statistics	Intro Statistics Review			mishap				
mis_06	Your pre-registered study got accepted! (+$100)						Pre-registration fixes hypotheses and analyses in advance, protecting against p-hacking.	Statistics	Intro Statistics Review			mishap				
surv_01	Which statistic is most affected by a single extreme outlier?	The median	The mode	The mean	The IQR	3	Means use every value's magnitude, so one extreme value can move them a lot.	Statistics	Intro Statistics Review			survey				
surv_02	The data 1, 2, 3, 4, 100 are best described as:	Uniform	Left-skewed	Symmetric	Right-skewed	4	One very large value creates a long right tail.	Statistics	Intro Statistics Review			survey				
surv_03	P(A) = 0.4. What is P(not A)?	0.4	0.6	0.16	1.4	2	Complement rule: 1 − 0.4 = 0.6.	Statistics	Intro Statistics Review			survey				
surv_04	Two fair coins are flipped. What is P(both heads)?	0.75	0.25	0.5	1	2	Independent events: 0.5 × 0.5 = 0.25.	Statistics	Intro Statistics Review			survey				
surv_05	Two labs estimate the same population mean, one with n = 30 and one with n = 300. Whose sample means would vary less from sample to sample?	The lab with n = 30	Both vary equally	It depends only on the population mean	The lab with n = 300	4	The standard error of the mean, σ/√n, shrinks as n grows, so means from samples of 300 cluster more tightly around the true mean. The population mean doesn't affect how much sample means vary.	Statistics	Intro Statistics Review			survey				
surv_06	Using the same data, how does a 90% confidence interval compare with a 95% interval?	The 90% interval is narrower	The 90% interval always contains the true value	The 90% interval is wider	They have the same width	1	Lower confidence uses a smaller critical value, giving a narrower interval.	Statistics	Intro Statistics Review			survey				
surv_07	A p-value of 0.20 means:	There is a 20% chance that the null hypothesis is true	Data like these would be common if H0 were true	There is an 80% chance the alternative is true	The effect size in the population is 0.20	2	A large p-value means the data are consistent with H0; it is not the probability that H0 is true.	Statistics	Intro Statistics Review			survey				
surv_08	Rejecting a null hypothesis that is actually true is called a:	Power failure	Confidence error	Type II error	Type I error	4	A Type I error is a false positive.	Statistics	Intro Statistics Review			survey				
surv_09	What is the main purpose of random assignment in an experiment?	To balance confounders so causal claims are justified	To make the sample representative of the population	To guarantee that the result is statistically significant	To reduce the sample size that the study needs	1	Random assignment supports causation; random sampling supports generalisation.	Statistics	Intro Statistics Review			survey				
surv_10	Which sample size gives the smallest margin of error, all else equal?	n = 50	n = 500	n = 100	n = 1000	4	The margin of error shrinks as n grows (in proportion to 1/√n).	Statistics	Intro Statistics Review			survey				
surv_11	Which graph best shows the relationship between two quantitative variables?	Histogram	Boxplot of one variable	Scatterplot	Pie chart	3	A scatterplot shows how two quantitative variables vary together.	Statistics	Intro Statistics Review			survey				
surv_12	What is the median of 8, 1, 6, 3, 10?	5.6	3	6	10	3	Sorted: 1, 3, 6, 8, 10, so the middle value is 6. 5.6 is the mean.	Statistics	Intro Statistics Review			survey				
surv_13	A study has 80% power. What does that mean?	There is an 80% chance that the null hypothesis is false	80% of the study's significant results are real effects	A real effect would be detected 80% of the time	The p-value will be below 0.80 in 80% of studies	3	Power is the probability of rejecting H0 when a real effect of the assumed size exists (1 − β). It is not the probability that H0 is false, and it doesn't say what share of significant results are true.	Statistics	Intro Statistics Review			survey				
surv_14	Variances of independent random variables:	Multiply when you sum the variables	Only add if the variables are normal	Cancel out when you sum the variables	Add when you sum the variables	4	Var(X + Y) = Var(X) + Var(Y) for independent X and Y, whatever their distributions.	Statistics	Intro Statistics Review			survey				
conf_01	I am confident I can choose and interpret appropriate summaries (center and spread) for a data set.							Statistics	Intro Statistics Review			confidence				
conf_02	I am confident I can apply basic probability rules and reason about random variables.							Statistics	Intro Statistics Review			confidence				
conf_03	I am confident I can interpret confidence intervals and p-values correctly.							Statistics	Intro Statistics Review			confidence				
